product,k,feature,perm_imp,r2_test
HYDROGEL_PACK,5,mid_dev,0.04346202558262006,0.002977158712482608
HYDROGEL_PACK,5,netflow_Mark 38_W50,0.03446223389794375,0.002977158712482608
HYDROGEL_PACK,5,netflow_Mark 14_W50,0.025806149888156993,0.002977158712482608
HYDROGEL_PACK,5,netflow_Mark 22_W20,0.0019055228505081196,0.002977158712482608
HYDROGEL_PACK,5,netflow_Mark 14_W20,0.0012657301736770747,0.002977158712482608
HYDROGEL_PACK,5,netflow_Mark 38_W20,0.0011664962990748744,0.002977158712482608
HYDROGEL_PACK,5,spread,0.0010330723582125945,0.002977158712482608
HYDROGEL_PACK,5,netflow_Mark 22_W50,0.0008858528216834453,0.002977158712482608
HYDROGEL_PACK,5,ret_5,0.0006253753026814376,0.002977158712482608
HYDROGEL_PACK,5,ret_1,0.00019690250890066116,0.002977158712482608
HYDROGEL_PACK,5,netflow_Mark 22_W5,1.6237843913913252e-05,0.002977158712482608
HYDROGEL_PACK,5,netflow_Mark 55_W20,0.0,0.002977158712482608
HYDROGEL_PACK,5,netflow_Mark 49_W20,0.0,0.002977158712482608
HYDROGEL_PACK,5,netflow_Mark 01_W50,0.0,0.002977158712482608
HYDROGEL_PACK,5,netflow_Mark 49_W50,0.0,0.002977158712482608
HYDROGEL_PACK,5,netflow_Mark 55_W50,0.0,0.002977158712482608
HYDROGEL_PACK,5,netflow_Mark 01_W20,0.0,0.002977158712482608
HYDROGEL_PACK,5,netflow_Mark 67_W5,0.0,0.002977158712482608
HYDROGEL_PACK,5,netflow_Mark 55_W5,0.0,0.002977158712482608
HYDROGEL_PACK,5,netflow_Mark 49_W5,0.0,0.002977158712482608
HYDROGEL_PACK,5,netflow_Mark 67_W20,0.0,0.002977158712482608
HYDROGEL_PACK,5,netflow_Mark 01_W5,0.0,0.002977158712482608
HYDROGEL_PACK,5,sell_Mark 22,0.0,0.002977158712482608
HYDROGEL_PACK,5,buy_Mark 49,0.0,0.002977158712482608
HYDROGEL_PACK,5,buy_Mark 01,0.0,0.002977158712482608
HYDROGEL_PACK,5,sell_Mark 01,0.0,0.002977158712482608
HYDROGEL_PACK,5,buy_Mark 14,0.0,0.002977158712482608
HYDROGEL_PACK,5,buy_Mark 22,0.0,0.002977158712482608
HYDROGEL_PACK,5,sell_Mark 67,0.0,0.002977158712482608
HYDROGEL_PACK,5,netflow_Mark 67_W50,0.0,0.002977158712482608
HYDROGEL_PACK,5,sell_Mark 49,0.0,0.002977158712482608
HYDROGEL_PACK,5,buy_Mark 55,0.0,0.002977158712482608
HYDROGEL_PACK,5,sell_Mark 55,0.0,0.002977158712482608
HYDROGEL_PACK,5,buy_Mark 67,0.0,0.002977158712482608
HYDROGEL_PACK,5,I_top,-0.00010683282941877555,0.002977158712482608
HYDROGEL_PACK,5,buy_Mark 38,-0.00016220319289354337,0.002977158712482608
HYDROGEL_PACK,5,sell_Mark 38,-0.00020086110646888589,0.002977158712482608
HYDROGEL_PACK,5,netflow_Mark 38_W5,-0.00032433438050690394,0.002977158712482608
HYDROGEL_PACK,5,sell_Mark 14,-0.00047827531454595434,0.002977158712482608
HYDROGEL_PACK,5,netflow_Mark 14_W5,-0.0019207439983196517,0.002977158712482608
HYDROGEL_PACK,5,ret_20,-0.0025019521594745,0.002977158712482608
HYDROGEL_PACK,5,rvol_20,-0.004028977362642294,0.002977158712482608
HYDROGEL_PACK,10,mid_dev,0.019482747720852938,-0.011058028891179683
HYDROGEL_PACK,10,netflow_Mark 14_W50,0.005917835310480661,-0.011058028891179683
HYDROGEL_PACK,10,netflow_Mark 22_W20,0.005878393389136649,-0.011058028891179683
HYDROGEL_PACK,10,netflow_Mark 38_W50,0.004962910003109296,-0.011058028891179683
HYDROGEL_PACK,10,netflow_Mark 14_W20,0.004113165408291912,-0.011058028891179683
HYDROGEL_PACK,10,netflow_Mark 22_W50,0.0018156040267945557,-0.011058028891179683
HYDROGEL_PACK,10,spread,0.0013456908841588493,-0.011058028891179683
HYDROGEL_PACK,10,netflow_Mark 38_W5,0.0009488265710715371,-0.011058028891179683
HYDROGEL_PACK,10,I_top,0.0007213307947101141,-0.011058028891179683
HYDROGEL_PACK,10,sell_Mark 38,0.00012773752702314548,-0.011058028891179683
HYDROGEL_PACK,10,buy_Mark 38,6.750840055140077e-05,-0.011058028891179683
HYDROGEL_PACK,10,buy_Mark 14,6.091125236625435e-05,-0.011058028891179683
HYDROGEL_PACK,10,ret_1,2.9831508786030508e-05,-0.011058028891179683
HYDROGEL_PACK,10,netflow_Mark 22_W5,1.994988670335947e-05,-0.011058028891179683
HYDROGEL_PACK,10,netflow_Mark 67_W20,0.0,-0.011058028891179683
HYDROGEL_PACK,10,netflow_Mark 49_W20,0.0,-0.011058028891179683
HYDROGEL_PACK,10,netflow_Mark 01_W50,0.0,-0.011058028891179683
HYDROGEL_PACK,10,netflow_Mark 49_W50,0.0,-0.011058028891179683
HYDROGEL_PACK,10,netflow_Mark 01_W20,0.0,-0.011058028891179683
HYDROGEL_PACK,10,netflow_Mark 67_W5,0.0,-0.011058028891179683
HYDROGEL_PACK,10,netflow_Mark 55_W5,0.0,-0.011058028891179683
HYDROGEL_PACK,10,netflow_Mark 55_W50,0.0,-0.011058028891179683
HYDROGEL_PACK,10,netflow_Mark 49_W5,0.0,-0.011058028891179683
HYDROGEL_PACK,10,netflow_Mark 55_W20,0.0,-0.011058028891179683
HYDROGEL_PACK,10,netflow_Mark 01_W5,0.0,-0.011058028891179683
HYDROGEL_PACK,10,sell_Mark 22,0.0,-0.011058028891179683
HYDROGEL_PACK,10,buy_Mark 49,0.0,-0.011058028891179683
HYDROGEL_PACK,10,buy_Mark 01,0.0,-0.011058028891179683
HYDROGEL_PACK,10,sell_Mark 01,0.0,-0.011058028891179683
HYDROGEL_PACK,10,buy_Mark 22,0.0,-0.011058028891179683
HYDROGEL_PACK,10,sell_Mark 67,0.0,-0.011058028891179683
HYDROGEL_PACK,10,netflow_Mark 67_W50,0.0,-0.011058028891179683
HYDROGEL_PACK,10,sell_Mark 49,0.0,-0.011058028891179683
HYDROGEL_PACK,10,buy_Mark 55,0.0,-0.011058028891179683
HYDROGEL_PACK,10,sell_Mark 55,0.0,-0.011058028891179683
HYDROGEL_PACK,10,buy_Mark 67,0.0,-0.011058028891179683
HYDROGEL_PACK,10,sell_Mark 14,-0.00010906674873215987,-0.011058028891179683
HYDROGEL_PACK,10,netflow_Mark 38_W20,-0.0008352756447313295,-0.011058028891179683
HYDROGEL_PACK,10,netflow_Mark 14_W5,-0.0010668260165117942,-0.011058028891179683
HYDROGEL_PACK,10,ret_5,-0.0018063133429400875,-0.011058028891179683
HYDROGEL_PACK,10,ret_20,-0.002698991249417674,-0.011058028891179683
HYDROGEL_PACK,10,rvol_20,-0.0032300614234273737,-0.011058028891179683
HYDROGEL_PACK,25,netflow_Mark 38_W50,0.018215564088125635,-0.010425983606941136
HYDROGEL_PACK,25,netflow_Mark 14_W20,0.014973843148379018,-0.010425983606941136
HYDROGEL_PACK,25,netflow_Mark 38_W20,0.014891468925810392,-0.010425983606941136
HYDROGEL_PACK,25,mid_dev,0.01385897532398713,-0.010425983606941136
HYDROGEL_PACK,25,netflow_Mark 14_W50,0.012323431325746462,-0.010425983606941136
HYDROGEL_PACK,25,netflow_Mark 22_W50,0.008594922907664504,-0.010425983606941136
HYDROGEL_PACK,25,netflow_Mark 22_W20,0.004219228513845967,-0.010425983606941136
HYDROGEL_PACK,25,spread,0.0031833412179274787,-0.010425983606941136
HYDROGEL_PACK,25,netflow_Mark 38_W5,0.0016221052863085728,-0.010425983606941136
HYDROGEL_PACK,25,ret_5,0.001294826472458969,-0.010425983606941136
HYDROGEL_PACK,25,netflow_Mark 22_W5,2.3382053725503244e-05,-0.010425983606941136
HYDROGEL_PACK,25,netflow_Mark 49_W20,0.0,-0.010425983606941136
HYDROGEL_PACK,25,netflow_Mark 67_W20,0.0,-0.010425983606941136
HYDROGEL_PACK,25,netflow_Mark 01_W50,0.0,-0.010425983606941136
HYDROGEL_PACK,25,netflow_Mark 49_W50,0.0,-0.010425983606941136
HYDROGEL_PACK,25,netflow_Mark 01_W20,0.0,-0.010425983606941136
HYDROGEL_PACK,25,netflow_Mark 67_W5,0.0,-0.010425983606941136
HYDROGEL_PACK,25,netflow_Mark 55_W5,0.0,-0.010425983606941136
HYDROGEL_PACK,25,netflow_Mark 49_W5,0.0,-0.010425983606941136
HYDROGEL_PACK,25,netflow_Mark 55_W50,0.0,-0.010425983606941136
HYDROGEL_PACK,25,netflow_Mark 55_W20,0.0,-0.010425983606941136
HYDROGEL_PACK,25,netflow_Mark 01_W5,0.0,-0.010425983606941136
HYDROGEL_PACK,25,buy_Mark 22,0.0,-0.010425983606941136
HYDROGEL_PACK,25,sell_Mark 38,0.0,-0.010425983606941136
HYDROGEL_PACK,25,buy_Mark 01,0.0,-0.010425983606941136
HYDROGEL_PACK,25,sell_Mark 01,0.0,-0.010425983606941136
HYDROGEL_PACK,25,buy_Mark 14,0.0,-0.010425983606941136
HYDROGEL_PACK,25,sell_Mark 67,0.0,-0.010425983606941136
HYDROGEL_PACK,25,sell_Mark 22,0.0,-0.010425983606941136
HYDROGEL_PACK,25,netflow_Mark 67_W50,0.0,-0.010425983606941136
HYDROGEL_PACK,25,buy_Mark 49,0.0,-0.010425983606941136
HYDROGEL_PACK,25,sell_Mark 49,0.0,-0.010425983606941136
HYDROGEL_PACK,25,buy_Mark 55,0.0,-0.010425983606941136
HYDROGEL_PACK,25,sell_Mark 55,0.0,-0.010425983606941136
HYDROGEL_PACK,25,buy_Mark 67,0.0,-0.010425983606941136
HYDROGEL_PACK,25,sell_Mark 14,-2.03844189498407e-06,-0.010425983606941136
HYDROGEL_PACK,25,ret_1,-0.00011350270755938752,-0.010425983606941136
HYDROGEL_PACK,25,buy_Mark 38,-0.00032640955008389483,-0.010425983606941136
HYDROGEL_PACK,25,ret_20,-0.00037667523462074176,-0.010425983606941136
HYDROGEL_PACK,25,I_top,-0.0010657941326624638,-0.010425983606941136
HYDROGEL_PACK,25,netflow_Mark 14_W5,-0.0012221589487984759,-0.010425983606941136
HYDROGEL_PACK,25,rvol_20,-0.004239835381313857,-0.010425983606941136
HYDROGEL_PACK,50,netflow_Mark 22_W50,0.031034354373294937,-0.011638673783039843
HYDROGEL_PACK,50,netflow_Mark 38_W50,0.024908664079973757,-0.011638673783039843
HYDROGEL_PACK,50,netflow_Mark 14_W50,0.017019279540174015,-0.011638673783039843
HYDROGEL_PACK,50,netflow_Mark 38_W20,0.014572349571881768,-0.011638673783039843
HYDROGEL_PACK,50,netflow_Mark 14_W20,0.014091656009925568,-0.011638673783039843
HYDROGEL_PACK,50,mid_dev,0.009645429954951693,-0.011638673783039843
HYDROGEL_PACK,50,netflow_Mark 14_W5,0.009045198761788184,-0.011638673783039843
HYDROGEL_PACK,50,spread,0.007097035997249386,-0.011638673783039843
HYDROGEL_PACK,50,ret_5,0.002707374479336074,-0.011638673783039843
HYDROGEL_PACK,50,sell_Mark 38,0.0002917577872956212,-0.011638673783039843
HYDROGEL_PACK,50,netflow_Mark 01_W50,0.0,-0.011638673783039843
HYDROGEL_PACK,50,netflow_Mark 67_W20,0.0,-0.011638673783039843
HYDROGEL_PACK,50,netflow_Mark 49_W20,0.0,-0.011638673783039843
HYDROGEL_PACK,50,netflow_Mark 49_W50,0.0,-0.011638673783039843
HYDROGEL_PACK,50,netflow_Mark 55_W50,0.0,-0.011638673783039843
HYDROGEL_PACK,50,netflow_Mark 01_W20,0.0,-0.011638673783039843
HYDROGEL_PACK,50,netflow_Mark 67_W5,0.0,-0.011638673783039843
HYDROGEL_PACK,50,netflow_Mark 55_W5,0.0,-0.011638673783039843
HYDROGEL_PACK,50,netflow_Mark 49_W5,0.0,-0.011638673783039843
HYDROGEL_PACK,50,netflow_Mark 55_W20,0.0,-0.011638673783039843
HYDROGEL_PACK,50,netflow_Mark 01_W5,0.0,-0.011638673783039843
HYDROGEL_PACK,50,sell_Mark 67,0.0,-0.011638673783039843
HYDROGEL_PACK,50,buy_Mark 49,0.0,-0.011638673783039843
HYDROGEL_PACK,50,buy_Mark 01,0.0,-0.011638673783039843
HYDROGEL_PACK,50,sell_Mark 01,0.0,-0.011638673783039843
HYDROGEL_PACK,50,buy_Mark 14,0.0,-0.011638673783039843
HYDROGEL_PACK,50,buy_Mark 22,0.0,-0.011638673783039843
HYDROGEL_PACK,50,buy_Mark 67,0.0,-0.011638673783039843
HYDROGEL_PACK,50,sell_Mark 22,0.0,-0.011638673783039843
HYDROGEL_PACK,50,sell_Mark 49,0.0,-0.011638673783039843
HYDROGEL_PACK,50,buy_Mark 55,0.0,-0.011638673783039843
HYDROGEL_PACK,50,sell_Mark 55,0.0,-0.011638673783039843
HYDROGEL_PACK,50,netflow_Mark 67_W50,0.0,-0.011638673783039843
HYDROGEL_PACK,50,sell_Mark 14,-3.3260136709234445e-05,-0.011638673783039843
HYDROGEL_PACK,50,netflow_Mark 38_W5,-5.786756426958325e-05,-0.011638673783039843
HYDROGEL_PACK,50,netflow_Mark 22_W5,-6.146264922398299e-05,-0.011638673783039843
HYDROGEL_PACK,50,buy_Mark 38,-0.00019099356457312014,-0.011638673783039843
HYDROGEL_PACK,50,I_top,-0.00036246193173246805,-0.011638673783039843
HYDROGEL_PACK,50,ret_1,-0.0005664048396242608,-0.011638673783039843
HYDROGEL_PACK,50,netflow_Mark 22_W20,-0.0008050444227245546,-0.011638673783039843
HYDROGEL_PACK,50,rvol_20,-0.0049343133560770065,-0.011638673783039843
HYDROGEL_PACK,50,ret_20,-0.008859953232241388,-0.011638673783039843
VELVETFRUIT_EXTRACT,5,mid_dev,0.039774052244869705,0.020194259611009513
VELVETFRUIT_EXTRACT,5,spread,0.025236023277638298,0.020194259611009513
VELVETFRUIT_EXTRACT,5,netflow_Mark 14_W50,0.005313243933485608,0.020194259611009513
VELVETFRUIT_EXTRACT,5,netflow_Mark 14_W20,0.005251988483558752,0.020194259611009513
VELVETFRUIT_EXTRACT,5,I_top,0.004060683535048996,0.020194259611009513
VELVETFRUIT_EXTRACT,5,netflow_Mark 55_W20,0.002451067650895792,0.020194259611009513
VELVETFRUIT_EXTRACT,5,netflow_Mark 01_W20,0.0024256356677388644,0.020194259611009513
VELVETFRUIT_EXTRACT,5,netflow_Mark 49_W50,0.002146308492464999,0.020194259611009513
VELVETFRUIT_EXTRACT,5,netflow_Mark 55_W50,0.0018576874101080925,0.020194259611009513
VELVETFRUIT_EXTRACT,5,netflow_Mark 22_W50,0.0016673859067217744,0.020194259611009513
VELVETFRUIT_EXTRACT,5,rvol_20,0.0015308553101125444,0.020194259611009513
VELVETFRUIT_EXTRACT,5,ret_1,0.0015125439306744592,0.020194259611009513
VELVETFRUIT_EXTRACT,5,netflow_Mark 67_W5,0.0012895526908893729,0.020194259611009513
VELVETFRUIT_EXTRACT,5,netflow_Mark 22_W20,0.0004970697208457331,0.020194259611009513
VELVETFRUIT_EXTRACT,5,buy_Mark 55,0.0002529270023461372,0.020194259611009513
VELVETFRUIT_EXTRACT,5,netflow_Mark 67_W20,0.0002435311741800413,0.020194259611009513
VELVETFRUIT_EXTRACT,5,netflow_Mark 22_W5,0.00023098493580575585,0.020194259611009513
VELVETFRUIT_EXTRACT,5,buy_Mark 67,3.1879070181798732e-06,0.020194259611009513
VELVETFRUIT_EXTRACT,5,buy_Mark 49,0.0,0.020194259611009513
VELVETFRUIT_EXTRACT,5,buy_Mark 38,0.0,0.020194259611009513
VELVETFRUIT_EXTRACT,5,netflow_Mark 38_W20,0.0,0.020194259611009513
VELVETFRUIT_EXTRACT,5,buy_Mark 14,0.0,0.020194259611009513
VELVETFRUIT_EXTRACT,5,sell_Mark 14,0.0,0.020194259611009513
VELVETFRUIT_EXTRACT,5,buy_Mark 22,0.0,0.020194259611009513
VELVETFRUIT_EXTRACT,5,netflow_Mark 38_W5,0.0,0.020194259611009513
VELVETFRUIT_EXTRACT,5,sell_Mark 49,0.0,0.020194259611009513
VELVETFRUIT_EXTRACT,5,netflow_Mark 38_W50,0.0,0.020194259611009513
VELVETFRUIT_EXTRACT,5,sell_Mark 38,0.0,0.020194259611009513
VELVETFRUIT_EXTRACT,5,buy_Mark 01,0.0,0.020194259611009513
VELVETFRUIT_EXTRACT,5,sell_Mark 67,0.0,0.020194259611009513
VELVETFRUIT_EXTRACT,5,sell_Mark 55,-3.052206925454234e-05,0.020194259611009513
VELVETFRUIT_EXTRACT,5,sell_Mark 01,-3.176155423430712e-05,0.020194259611009513
VELVETFRUIT_EXTRACT,5,netflow_Mark 49_W5,-6.230656144231202e-05,0.020194259611009513
VELVETFRUIT_EXTRACT,5,sell_Mark 22,-0.0002687901487724946,0.020194259611009513
VELVETFRUIT_EXTRACT,5,netflow_Mark 01_W5,-0.00028508365088997234,0.020194259611009513
VELVETFRUIT_EXTRACT,5,netflow_Mark 55_W5,-0.0005791505361265233,0.020194259611009513
VELVETFRUIT_EXTRACT,5,netflow_Mark 01_W50,-0.0006739738822308198,0.020194259611009513
VELVETFRUIT_EXTRACT,5,netflow_Mark 67_W50,-0.000724630332468131,0.020194259611009513
VELVETFRUIT_EXTRACT,5,netflow_Mark 14_W5,-0.0008567743777017448,0.020194259611009513
VELVETFRUIT_EXTRACT,5,netflow_Mark 49_W20,-0.0010153172535096362,0.020194259611009513
VELVETFRUIT_EXTRACT,5,ret_20,-0.002455343446284397,0.020194259611009513
VELVETFRUIT_EXTRACT,5,ret_5,-0.002474344637096911,0.020194259611009513
VELVETFRUIT_EXTRACT,10,netflow_Mark 14_W20,0.008263488117134324,-0.016550109381514355
VELVETFRUIT_EXTRACT,10,spread,0.007973386464880402,-0.016550109381514355
VELVETFRUIT_EXTRACT,10,I_top,0.007865493298177503,-0.016550109381514355
VELVETFRUIT_EXTRACT,10,netflow_Mark 49_W50,0.00689907566157455,-0.016550109381514355
VELVETFRUIT_EXTRACT,10,netflow_Mark 14_W50,0.005337569150381638,-0.016550109381514355
VELVETFRUIT_EXTRACT,10,mid_dev,0.004132697988208515,-0.016550109381514355
VELVETFRUIT_EXTRACT,10,netflow_Mark 22_W50,0.0030628130106524765,-0.016550109381514355
VELVETFRUIT_EXTRACT,10,netflow_Mark 01_W20,0.0013452169042820206,-0.016550109381514355
VELVETFRUIT_EXTRACT,10,netflow_Mark 22_W20,0.0008243289996382094,-0.016550109381514355
VELVETFRUIT_EXTRACT,10,netflow_Mark 22_W5,0.000725329364741345,-0.016550109381514355
VELVETFRUIT_EXTRACT,10,netflow_Mark 67_W5,0.0006169808732764773,-0.016550109381514355
VELVETFRUIT_EXTRACT,10,netflow_Mark 55_W5,0.0002636009885835418,-0.016550109381514355
VELVETFRUIT_EXTRACT,10,buy_Mark 67,0.000159641610280703,-0.016550109381514355
VELVETFRUIT_EXTRACT,10,netflow_Mark 01_W5,0.00015747895213961508,-0.016550109381514355
VELVETFRUIT_EXTRACT,10,buy_Mark 14,0.00014156452845777898,-0.016550109381514355
VELVETFRUIT_EXTRACT,10,netflow_Mark 67_W50,0.00012630639716437742,-0.016550109381514355
VELVETFRUIT_EXTRACT,10,sell_Mark 49,0.00011013060737208313,-0.016550109381514355
VELVETFRUIT_EXTRACT,10,sell_Mark 14,7.282459094863174e-05,-0.016550109381514355
VELVETFRUIT_EXTRACT,10,netflow_Mark 55_W20,6.595371790226363e-05,-0.016550109381514355
VELVETFRUIT_EXTRACT,10,netflow_Mark 49_W5,5.531745593856385e-05,-0.016550109381514355
VELVETFRUIT_EXTRACT,10,ret_1,4.385806933841311e-05,-0.016550109381514355
VELVETFRUIT_EXTRACT,10,netflow_Mark 38_W50,0.0,-0.016550109381514355
VELVETFRUIT_EXTRACT,10,netflow_Mark 38_W20,0.0,-0.016550109381514355
VELVETFRUIT_EXTRACT,10,buy_Mark 49,0.0,-0.016550109381514355
VELVETFRUIT_EXTRACT,10,sell_Mark 38,0.0,-0.016550109381514355
VELVETFRUIT_EXTRACT,10,netflow_Mark 38_W5,0.0,-0.016550109381514355
VELVETFRUIT_EXTRACT,10,sell_Mark 67,0.0,-0.016550109381514355
VELVETFRUIT_EXTRACT,10,buy_Mark 22,0.0,-0.016550109381514355
VELVETFRUIT_EXTRACT,10,buy_Mark 38,0.0,-0.016550109381514355
VELVETFRUIT_EXTRACT,10,sell_Mark 55,-8.967619453681408e-06,-0.016550109381514355
VELVETFRUIT_EXTRACT,10,sell_Mark 22,-2.5511832373981136e-05,-0.016550109381514355
VELVETFRUIT_EXTRACT,10,buy_Mark 01,-3.286918451032387e-05,-0.016550109381514355
VELVETFRUIT_EXTRACT,10,buy_Mark 55,-4.203606597312041e-05,-0.016550109381514355
VELVETFRUIT_EXTRACT,10,netflow_Mark 67_W20,-9.192267498299896e-05,-0.016550109381514355
VELVETFRUIT_EXTRACT,10,sell_Mark 01,-0.0001878420062387439,-0.016550109381514355
VELVETFRUIT_EXTRACT,10,netflow_Mark 14_W5,-0.00026296373913337057,-0.016550109381514355
VELVETFRUIT_EXTRACT,10,rvol_20,-0.0010424401523643212,-0.016550109381514355
VELVETFRUIT_EXTRACT,10,ret_5,-0.0011138590898328953,-0.016550109381514355
VELVETFRUIT_EXTRACT,10,netflow_Mark 49_W20,-0.001230785976492695,-0.016550109381514355
VELVETFRUIT_EXTRACT,10,netflow_Mark 55_W50,-0.0023404263372629095,-0.016550109381514355
VELVETFRUIT_EXTRACT,10,ret_20,-0.0027329741721045706,-0.016550109381514355
VELVETFRUIT_EXTRACT,10,netflow_Mark 01_W50,-0.01002539670735684,-0.016550109381514355
VELVETFRUIT_EXTRACT,25,netflow_Mark 14_W50,0.029763251712209577,-0.033791342126603396
VELVETFRUIT_EXTRACT,25,netflow_Mark 22_W50,0.01421741666278161,-0.033791342126603396
VELVETFRUIT_EXTRACT,25,netflow_Mark 14_W20,0.007506527788918212,-0.033791342126603396
VELVETFRUIT_EXTRACT,25,netflow_Mark 55_W50,0.0072919671274784825,-0.033791342126603396
VELVETFRUIT_EXTRACT,25,netflow_Mark 67_W50,0.006917865255513818,-0.033791342126603396
VELVETFRUIT_EXTRACT,25,mid_dev,0.004953364391820407,-0.033791342126603396
VELVETFRUIT_EXTRACT,25,spread,0.004614542453505566,-0.033791342126603396
VELVETFRUIT_EXTRACT,25,netflow_Mark 14_W5,0.0035163181017895027,-0.033791342126603396
VELVETFRUIT_EXTRACT,25,netflow_Mark 01_W20,0.003318193261735288,-0.033791342126603396
VELVETFRUIT_EXTRACT,25,netflow_Mark 22_W20,0.003257966455675554,-0.033791342126603396
VELVETFRUIT_EXTRACT,25,rvol_20,0.0019174268155389325,-0.033791342126603396
VELVETFRUIT_EXTRACT,25,netflow_Mark 55_W20,0.0010706899792788753,-0.033791342126603396
VELVETFRUIT_EXTRACT,25,netflow_Mark 22_W5,0.0009519242670971521,-0.033791342126603396
VELVETFRUIT_EXTRACT,25,netflow_Mark 67_W20,0.0005417763924851678,-0.033791342126603396
VELVETFRUIT_EXTRACT,25,netflow_Mark 55_W5,0.00024870274534090814,-0.033791342126603396
VELVETFRUIT_EXTRACT,25,buy_Mark 67,5.988019965134465e-06,-0.033791342126603396
VELVETFRUIT_EXTRACT,25,sell_Mark 55,5.1465894747397085e-06,-0.033791342126603396
VELVETFRUIT_EXTRACT,25,sell_Mark 49,0.0,-0.033791342126603396
VELVETFRUIT_EXTRACT,25,buy_Mark 49,0.0,-0.033791342126603396
VELVETFRUIT_EXTRACT,25,sell_Mark 38,0.0,-0.033791342126603396
VELVETFRUIT_EXTRACT,25,sell_Mark 67,0.0,-0.033791342126603396
VELVETFRUIT_EXTRACT,25,buy_Mark 38,0.0,-0.033791342126603396
VELVETFRUIT_EXTRACT,25,sell_Mark 22,0.0,-0.033791342126603396
VELVETFRUIT_EXTRACT,25,buy_Mark 22,0.0,-0.033791342126603396
VELVETFRUIT_EXTRACT,25,sell_Mark 01,0.0,-0.033791342126603396
VELVETFRUIT_EXTRACT,25,netflow_Mark 38_W50,0.0,-0.033791342126603396
VELVETFRUIT_EXTRACT,25,buy_Mark 14,0.0,-0.033791342126603396
VELVETFRUIT_EXTRACT,25,netflow_Mark 38_W20,0.0,-0.033791342126603396
VELVETFRUIT_EXTRACT,25,netflow_Mark 38_W5,0.0,-0.033791342126603396
VELVETFRUIT_EXTRACT,25,buy_Mark 01,-1.0496445671230129e-05,-0.033791342126603396
VELVETFRUIT_EXTRACT,25,netflow_Mark 49_W5,-4.095020997237538e-05,-0.033791342126603396
VELVETFRUIT_EXTRACT,25,buy_Mark 55,-4.251315911204164e-05,-0.033791342126603396
VELVETFRUIT_EXTRACT,25,netflow_Mark 67_W5,-9.163635233836824e-05,-0.033791342126603396
VELVETFRUIT_EXTRACT,25,I_top,-0.0001902696081404661,-0.033791342126603396
VELVETFRUIT_EXTRACT,25,netflow_Mark 01_W5,-0.000248353216566836,-0.033791342126603396
VELVETFRUIT_EXTRACT,25,ret_5,-0.00029354628511990555,-0.033791342126603396
VELVETFRUIT_EXTRACT,25,sell_Mark 14,-0.0004368199151449925,-0.033791342126603396
VELVETFRUIT_EXTRACT,25,ret_1,-0.0007313741616093624,-0.033791342126603396
VELVETFRUIT_EXTRACT,25,ret_20,-0.0018658049732641995,-0.033791342126603396
VELVETFRUIT_EXTRACT,25,netflow_Mark 49_W20,-0.0027760263637589175,-0.033791342126603396
VELVETFRUIT_EXTRACT,25,netflow_Mark 49_W50,-0.0054494414440446155,-0.033791342126603396
VELVETFRUIT_EXTRACT,25,netflow_Mark 01_W50,-0.014956618436642236,-0.033791342126603396
VELVETFRUIT_EXTRACT,50,netflow_Mark 55_W50,0.03740039071609602,-0.045107727801483755
VELVETFRUIT_EXTRACT,50,netflow_Mark 67_W50,0.022388107081210567,-0.045107727801483755
VELVETFRUIT_EXTRACT,50,netflow_Mark 22_W50,0.021686211082610225,-0.045107727801483755
VELVETFRUIT_EXTRACT,50,netflow_Mark 01_W50,0.012049263132628033,-0.045107727801483755
VELVETFRUIT_EXTRACT,50,netflow_Mark 22_W20,0.007677243940256595,-0.045107727801483755
VELVETFRUIT_EXTRACT,50,netflow_Mark 49_W20,0.004748535328747676,-0.045107727801483755
VELVETFRUIT_EXTRACT,50,ret_20,0.004347081690120991,-0.045107727801483755
VELVETFRUIT_EXTRACT,50,netflow_Mark 14_W20,0.003681683068574341,-0.045107727801483755
VELVETFRUIT_EXTRACT,50,mid_dev,0.0017657159609307804,-0.045107727801483755
VELVETFRUIT_EXTRACT,50,netflow_Mark 14_W5,0.0015662876653022757,-0.045107727801483755
VELVETFRUIT_EXTRACT,50,netflow_Mark 55_W20,0.001252537713090307,-0.045107727801483755
VELVETFRUIT_EXTRACT,50,ret_1,0.0007953902329812154,-0.045107727801483755
VELVETFRUIT_EXTRACT,50,rvol_20,0.0007782716779367593,-0.045107727801483755
VELVETFRUIT_EXTRACT,50,netflow_Mark 67_W20,0.0007469035512691994,-0.045107727801483755
VELVETFRUIT_EXTRACT,50,ret_5,0.0006149306505000377,-0.045107727801483755
VELVETFRUIT_EXTRACT,50,netflow_Mark 55_W5,0.00036672415630819205,-0.045107727801483755
VELVETFRUIT_EXTRACT,50,sell_Mark 14,9.716060274378435e-05,-0.045107727801483755
VELVETFRUIT_EXTRACT,50,spread,7.446230856237672e-05,-0.045107727801483755
VELVETFRUIT_EXTRACT,50,buy_Mark 67,3.705813261330645e-05,-0.045107727801483755
VELVETFRUIT_EXTRACT,50,sell_Mark 01,2.2899810542709176e-05,-0.045107727801483755
VELVETFRUIT_EXTRACT,50,sell_Mark 49,5.152908450304731e-07,-0.045107727801483755
VELVETFRUIT_EXTRACT,50,sell_Mark 55,0.0,-0.045107727801483755
VELVETFRUIT_EXTRACT,50,sell_Mark 38,0.0,-0.045107727801483755
VELVETFRUIT_EXTRACT,50,netflow_Mark 38_W50,0.0,-0.045107727801483755
VELVETFRUIT_EXTRACT,50,buy_Mark 01,0.0,-0.045107727801483755
VELVETFRUIT_EXTRACT,50,buy_Mark 14,0.0,-0.045107727801483755
VELVETFRUIT_EXTRACT,50,buy_Mark 22,0.0,-0.045107727801483755
VELVETFRUIT_EXTRACT,50,netflow_Mark 38_W20,0.0,-0.045107727801483755
VELVETFRUIT_EXTRACT,50,buy_Mark 38,0.0,-0.045107727801483755
VELVETFRUIT_EXTRACT,50,buy_Mark 49,0.0,-0.045107727801483755
VELVETFRUIT_EXTRACT,50,netflow_Mark 49_W5,0.0,-0.045107727801483755
VELVETFRUIT_EXTRACT,50,netflow_Mark 38_W5,0.0,-0.045107727801483755
VELVETFRUIT_EXTRACT,50,buy_Mark 55,0.0,-0.045107727801483755
VELVETFRUIT_EXTRACT,50,sell_Mark 67,0.0,-0.045107727801483755
VELVETFRUIT_EXTRACT,50,sell_Mark 22,-2.7803841499437116e-05,-0.045107727801483755
VELVETFRUIT_EXTRACT,50,netflow_Mark 22_W5,-2.809878730491988e-05,-0.045107727801483755
VELVETFRUIT_EXTRACT,50,netflow_Mark 67_W5,-0.00015114607581079298,-0.045107727801483755
VELVETFRUIT_EXTRACT,50,netflow_Mark 01_W5,-0.0004344451183893779,-0.045107727801483755
VELVETFRUIT_EXTRACT,50,netflow_Mark 14_W50,-0.0007328134826671088,-0.045107727801483755
VELVETFRUIT_EXTRACT,50,I_top,-0.0011253000478443909,-0.045107727801483755
VELVETFRUIT_EXTRACT,50,netflow_Mark 01_W20,-0.0033917818636861607,-0.045107727801483755
VELVETFRUIT_EXTRACT,50,netflow_Mark 49_W50,-0.011626077666507065,-0.045107727801483755
VEV_4000,5,mid_dev,0.1994569155170346,0.11085482880132624
VEV_4000,5,spread,0.08036911963261473,0.11085482880132624
VEV_4000,5,ret_5,0.0011976652462381738,0.11085482880132624
VEV_4000,5,ret_1,0.0008120318988865302,0.11085482880132624
VEV_4000,5,rvol_20,0.00033294446992482296,0.11085482880132624
VEV_4000,5,netflow_Mark 14_W5,0.00030040048085829457,0.11085482880132624
VEV_4000,5,sell_Mark 14,4.5453834498498935e-06,0.11085482880132624
VEV_4000,5,netflow_Mark 49_W50,0.0,0.11085482880132624
VEV_4000,5,netflow_Mark 22_W50,0.0,0.11085482880132624
VEV_4000,5,netflow_Mark 01_W50,0.0,0.11085482880132624
VEV_4000,5,netflow_Mark 67_W20,0.0,0.11085482880132624
VEV_4000,5,netflow_Mark 55_W50,0.0,0.11085482880132624
VEV_4000,5,netflow_Mark 55_W20,0.0,0.11085482880132624
VEV_4000,5,netflow_Mark 49_W20,0.0,0.11085482880132624
VEV_4000,5,netflow_Mark 22_W20,0.0,0.11085482880132624
VEV_4000,5,netflow_Mark 01_W20,0.0,0.11085482880132624
VEV_4000,5,netflow_Mark 67_W5,0.0,0.11085482880132624
VEV_4000,5,netflow_Mark 55_W5,0.0,0.11085482880132624
VEV_4000,5,netflow_Mark 49_W5,0.0,0.11085482880132624
VEV_4000,5,netflow_Mark 22_W5,0.0,0.11085482880132624
VEV_4000,5,netflow_Mark 01_W5,0.0,0.11085482880132624
VEV_4000,5,sell_Mark 67,0.0,0.11085482880132624
VEV_4000,5,buy_Mark 38,0.0,0.11085482880132624
VEV_4000,5,buy_Mark 01,0.0,0.11085482880132624
VEV_4000,5,sell_Mark 01,0.0,0.11085482880132624
VEV_4000,5,buy_Mark 22,0.0,0.11085482880132624
VEV_4000,5,sell_Mark 22,0.0,0.11085482880132624
VEV_4000,5,buy_Mark 67,0.0,0.11085482880132624
VEV_4000,5,netflow_Mark 67_W50,0.0,0.11085482880132624
VEV_4000,5,sell_Mark 38,0.0,0.11085482880132624
VEV_4000,5,buy_Mark 49,0.0,0.11085482880132624
VEV_4000,5,sell_Mark 49,0.0,0.11085482880132624
VEV_4000,5,buy_Mark 55,0.0,0.11085482880132624
VEV_4000,5,sell_Mark 55,0.0,0.11085482880132624
VEV_4000,5,buy_Mark 14,-4.519402816205442e-06,0.11085482880132624
VEV_4000,5,netflow_Mark 38_W5,-2.419835515114303e-05,0.11085482880132624
VEV_4000,5,I_top,-8.546995524760792e-05,0.11085482880132624
VEV_4000,5,netflow_Mark 38_W20,-9.248269089208912e-05,0.11085482880132624
VEV_4000,5,netflow_Mark 38_W50,-0.00023435524198559912,0.11085482880132624
VEV_4000,5,netflow_Mark 14_W20,-0.0002956739829406511,0.11085482880132624
VEV_4000,5,netflow_Mark 14_W50,-0.0006791175455500564,0.11085482880132624
VEV_4000,5,ret_20,-0.0019160635248899327,0.11085482880132624
VEV_4000,10,mid_dev,0.08892574524120533,0.04430808359747729
VEV_4000,10,spread,0.038714201897294576,0.04430808359747729
VEV_4000,10,ret_20,0.004421260434199548,0.04430808359747729
VEV_4000,10,netflow_Mark 14_W20,0.0025727260256334463,0.04430808359747729
VEV_4000,10,rvol_20,0.0019828095994082195,0.04430808359747729
VEV_4000,10,netflow_Mark 14_W50,0.0019063360112692163,0.04430808359747729
VEV_4000,10,ret_5,0.001662789957915171,0.04430808359747729
VEV_4000,10,ret_1,0.0010770129235447845,0.04430808359747729
VEV_4000,10,netflow_Mark 14_W5,0.0009155060447723814,0.04430808359747729
VEV_4000,10,netflow_Mark 38_W5,0.0005720359063754824,0.04430808359747729
VEV_4000,10,netflow_Mark 38_W20,0.00049514398591007,0.04430808359747729
VEV_4000,10,netflow_Mark 22_W50,9.888017970701342e-05,0.04430808359747729
VEV_4000,10,buy_Mark 14,4.7684789628725056e-05,0.04430808359747729
VEV_4000,10,sell_Mark 14,6.758030941337682e-06,0.04430808359747729
VEV_4000,10,netflow_Mark 49_W5,0.0,0.04430808359747729
VEV_4000,10,netflow_Mark 67_W20,0.0,0.04430808359747729
VEV_4000,10,netflow_Mark 55_W20,0.0,0.04430808359747729
VEV_4000,10,netflow_Mark 49_W20,0.0,0.04430808359747729
VEV_4000,10,netflow_Mark 22_W20,0.0,0.04430808359747729
VEV_4000,10,netflow_Mark 01_W20,0.0,0.04430808359747729
VEV_4000,10,netflow_Mark 67_W5,0.0,0.04430808359747729
VEV_4000,10,netflow_Mark 49_W50,0.0,0.04430808359747729
VEV_4000,10,netflow_Mark 55_W50,0.0,0.04430808359747729
VEV_4000,10,netflow_Mark 55_W5,0.0,0.04430808359747729
VEV_4000,10,netflow_Mark 01_W50,0.0,0.04430808359747729
VEV_4000,10,netflow_Mark 01_W5,0.0,0.04430808359747729
VEV_4000,10,netflow_Mark 22_W5,0.0,0.04430808359747729
VEV_4000,10,sell_Mark 67,0.0,0.04430808359747729
VEV_4000,10,buy_Mark 67,0.0,0.04430808359747729
VEV_4000,10,sell_Mark 55,0.0,0.04430808359747729
VEV_4000,10,buy_Mark 55,0.0,0.04430808359747729
VEV_4000,10,sell_Mark 49,0.0,0.04430808359747729
VEV_4000,10,buy_Mark 49,0.0,0.04430808359747729
VEV_4000,10,sell_Mark 38,0.0,0.04430808359747729
VEV_4000,10,buy_Mark 38,0.0,0.04430808359747729
VEV_4000,10,sell_Mark 22,0.0,0.04430808359747729
VEV_4000,10,buy_Mark 22,0.0,0.04430808359747729
VEV_4000,10,sell_Mark 01,0.0,0.04430808359747729
VEV_4000,10,buy_Mark 01,0.0,0.04430808359747729
VEV_4000,10,netflow_Mark 67_W50,0.0,0.04430808359747729
VEV_4000,10,I_top,-0.0004019614108748959,0.04430808359747729
VEV_4000,10,netflow_Mark 38_W50,-0.0025715990567889055,0.04430808359747729
VEV_4000,25,mid_dev,0.04246449711454825,-0.015610861807998644
VEV_4000,25,spread,0.022651727997384574,-0.015610861807998644
VEV_4000,25,ret_20,0.006838112922349889,-0.015610861807998644
VEV_4000,25,ret_5,0.0010381279810942612,-0.015610861807998644
VEV_4000,25,ret_1,0.0009541800036378945,-0.015610861807998644
VEV_4000,25,netflow_Mark 22_W50,0.00022106457419557302,-0.015610861807998644
VEV_4000,25,I_top,0.0001622200751213073,-0.015610861807998644
VEV_4000,25,buy_Mark 14,9.514787001426346e-05,-0.015610861807998644
VEV_4000,25,sell_Mark 14,5.054491472404147e-06,-0.015610861807998644
VEV_4000,25,netflow_Mark 49_W50,0.0,-0.015610861807998644
VEV_4000,25,netflow_Mark 55_W50,0.0,-0.015610861807998644
VEV_4000,25,netflow_Mark 01_W50,0.0,-0.015610861807998644
VEV_4000,25,netflow_Mark 67_W20,0.0,-0.015610861807998644
VEV_4000,25,netflow_Mark 55_W20,0.0,-0.015610861807998644
VEV_4000,25,netflow_Mark 49_W20,0.0,-0.015610861807998644
VEV_4000,25,netflow_Mark 22_W20,0.0,-0.015610861807998644
VEV_4000,25,netflow_Mark 01_W20,0.0,-0.015610861807998644
VEV_4000,25,netflow_Mark 67_W5,0.0,-0.015610861807998644
VEV_4000,25,netflow_Mark 55_W5,0.0,-0.015610861807998644
VEV_4000,25,netflow_Mark 49_W5,0.0,-0.015610861807998644
VEV_4000,25,netflow_Mark 22_W5,0.0,-0.015610861807998644
VEV_4000,25,netflow_Mark 01_W5,0.0,-0.015610861807998644
VEV_4000,25,sell_Mark 38,0.0,-0.015610861807998644
VEV_4000,25,buy_Mark 49,0.0,-0.015610861807998644
VEV_4000,25,buy_Mark 01,0.0,-0.015610861807998644
VEV_4000,25,sell_Mark 01,0.0,-0.015610861807998644
VEV_4000,25,buy_Mark 22,0.0,-0.015610861807998644
VEV_4000,25,sell_Mark 22,0.0,-0.015610861807998644
VEV_4000,25,buy_Mark 38,0.0,-0.015610861807998644
VEV_4000,25,sell_Mark 67,0.0,-0.015610861807998644
VEV_4000,25,netflow_Mark 67_W50,0.0,-0.015610861807998644
VEV_4000,25,sell_Mark 49,0.0,-0.015610861807998644
VEV_4000,25,buy_Mark 55,0.0,-0.015610861807998644
VEV_4000,25,sell_Mark 55,0.0,-0.015610861807998644
VEV_4000,25,buy_Mark 67,0.0,-0.015610861807998644
VEV_4000,25,netflow_Mark 14_W20,-7.723710870033429e-05,-0.015610861807998644
VEV_4000,25,netflow_Mark 38_W5,-8.803764929599112e-05,-0.015610861807998644
VEV_4000,25,rvol_20,-0.0008310327195405846,-0.015610861807998644
VEV_4000,25,netflow_Mark 14_W5,-0.0010949426931932866,-0.015610861807998644
VEV_4000,25,netflow_Mark 38_W20,-0.0015284081770255604,-0.015610861807998644
VEV_4000,25,netflow_Mark 38_W50,-0.0028131382556826345,-0.015610861807998644
VEV_4000,25,netflow_Mark 14_W50,-0.01369529194883897,-0.015610861807998644
VEV_4000,50,spread,0.03499962343072497,-0.03470845221026586
VEV_4000,50,mid_dev,0.01252074218587366,-0.03470845221026586
VEV_4000,50,netflow_Mark 22_W50,0.007468612342025042,-0.03470845221026586
VEV_4000,50,netflow_Mark 14_W20,0.0019971277401678775,-0.03470845221026586
VEV_4000,50,ret_1,0.0018947200977835383,-0.03470845221026586
VEV_4000,50,netflow_Mark 38_W20,0.00028920614228759395,-0.03470845221026586
VEV_4000,50,ret_5,0.0002504212088591344,-0.03470845221026586
VEV_4000,50,netflow_Mark 38_W5,2.9178752598927698e-05,-0.03470845221026586
VEV_4000,50,netflow_Mark 49_W5,0.0,-0.03470845221026586
VEV_4000,50,netflow_Mark 55_W5,0.0,-0.03470845221026586
VEV_4000,50,netflow_Mark 67_W5,0.0,-0.03470845221026586
VEV_4000,50,netflow_Mark 01_W20,0.0,-0.03470845221026586
VEV_4000,50,netflow_Mark 49_W20,0.0,-0.03470845221026586
VEV_4000,50,netflow_Mark 22_W20,0.0,-0.03470845221026586
VEV_4000,50,netflow_Mark 55_W20,0.0,-0.03470845221026586
VEV_4000,50,netflow_Mark 67_W20,0.0,-0.03470845221026586
VEV_4000,50,netflow_Mark 01_W50,0.0,-0.03470845221026586
VEV_4000,50,netflow_Mark 49_W50,0.0,-0.03470845221026586
VEV_4000,50,netflow_Mark 55_W50,0.0,-0.03470845221026586
VEV_4000,50,netflow_Mark 22_W5,0.0,-0.03470845221026586
VEV_4000,50,netflow_Mark 01_W5,0.0,-0.03470845221026586
VEV_4000,50,sell_Mark 67,0.0,-0.03470845221026586
VEV_4000,50,sell_Mark 38,0.0,-0.03470845221026586
VEV_4000,50,buy_Mark 01,0.0,-0.03470845221026586
VEV_4000,50,sell_Mark 01,0.0,-0.03470845221026586
VEV_4000,50,sell_Mark 14,0.0,-0.03470845221026586
VEV_4000,50,sell_Mark 22,0.0,-0.03470845221026586
VEV_4000,50,buy_Mark 38,0.0,-0.03470845221026586
VEV_4000,50,buy_Mark 22,0.0,-0.03470845221026586
VEV_4000,50,buy_Mark 49,0.0,-0.03470845221026586
VEV_4000,50,sell_Mark 49,0.0,-0.03470845221026586
VEV_4000,50,buy_Mark 55,0.0,-0.03470845221026586
VEV_4000,50,sell_Mark 55,0.0,-0.03470845221026586
VEV_4000,50,buy_Mark 67,0.0,-0.03470845221026586
VEV_4000,50,netflow_Mark 67_W50,0.0,-0.03470845221026586
VEV_4000,50,buy_Mark 14,-2.2271244567736066e-05,-0.03470845221026586
VEV_4000,50,I_top,-8.25125693961759e-05,-0.03470845221026586
VEV_4000,50,netflow_Mark 14_W5,-0.002252127596025888,-0.03470845221026586
VEV_4000,50,ret_20,-0.005572651003383037,-0.03470845221026586
VEV_4000,50,netflow_Mark 14_W50,-0.0074279913602058505,-0.03470845221026586
VEV_4000,50,netflow_Mark 38_W50,-0.0075050997344864685,-0.03470845221026586
VEV_4000,50,rvol_20,-0.011072779207431068,-0.03470845221026586
VEV_5000,5,spread,0.01853336604970283,0.017804840628746987
VEV_5000,5,I_top,0.01750593648006375,0.017804840628746987
VEV_5000,5,mid_dev,0.006494592079636245,0.017804840628746987
VEV_5000,5,rvol_20,0.0024912518595194832,0.017804840628746987
VEV_5000,5,ret_5,0.002309442470694164,0.017804840628746987
VEV_5000,5,ret_20,0.0012698638064722785,0.017804840628746987
VEV_5000,5,ret_1,0.0007222884315017571,0.017804840628746987
VEV_5000,5,netflow_Mark 49_W20,0.0,0.017804840628746987
VEV_5000,5,netflow_Mark 55_W5,0.0,0.017804840628746987
VEV_5000,5,netflow_Mark 67_W5,0.0,0.017804840628746987
VEV_5000,5,netflow_Mark 01_W20,0.0,0.017804840628746987
VEV_5000,5,netflow_Mark 14_W20,0.0,0.017804840628746987
VEV_5000,5,netflow_Mark 22_W20,0.0,0.017804840628746987
VEV_5000,5,netflow_Mark 38_W20,0.0,0.017804840628746987
VEV_5000,5,netflow_Mark 01_W50,0.0,0.017804840628746987
VEV_5000,5,netflow_Mark 55_W20,0.0,0.017804840628746987
VEV_5000,5,netflow_Mark 67_W20,0.0,0.017804840628746987
VEV_5000,5,netflow_Mark 38_W5,0.0,0.017804840628746987
VEV_5000,5,netflow_Mark 14_W50,0.0,0.017804840628746987
VEV_5000,5,netflow_Mark 22_W50,0.0,0.017804840628746987
VEV_5000,5,netflow_Mark 38_W50,0.0,0.017804840628746987
VEV_5000,5,netflow_Mark 49_W50,0.0,0.017804840628746987
VEV_5000,5,netflow_Mark 55_W50,0.0,0.017804840628746987
VEV_5000,5,netflow_Mark 49_W5,0.0,0.017804840628746987
VEV_5000,5,netflow_Mark 01_W5,0.0,0.017804840628746987
VEV_5000,5,netflow_Mark 22_W5,0.0,0.017804840628746987
VEV_5000,5,buy_Mark 38,0.0,0.017804840628746987
VEV_5000,5,buy_Mark 01,0.0,0.017804840628746987
VEV_5000,5,sell_Mark 01,0.0,0.017804840628746987
VEV_5000,5,buy_Mark 14,0.0,0.017804840628746987
VEV_5000,5,sell_Mark 14,0.0,0.017804840628746987
VEV_5000,5,buy_Mark 22,0.0,0.017804840628746987
VEV_5000,5,sell_Mark 22,0.0,0.017804840628746987
VEV_5000,5,sell_Mark 38,0.0,0.017804840628746987
VEV_5000,5,netflow_Mark 14_W5,0.0,0.017804840628746987
VEV_5000,5,buy_Mark 49,0.0,0.017804840628746987
VEV_5000,5,sell_Mark 49,0.0,0.017804840628746987
VEV_5000,5,buy_Mark 55,0.0,0.017804840628746987
VEV_5000,5,sell_Mark 55,0.0,0.017804840628746987
VEV_5000,5,buy_Mark 67,0.0,0.017804840628746987
VEV_5000,5,sell_Mark 67,0.0,0.017804840628746987
VEV_5000,5,netflow_Mark 67_W50,0.0,0.017804840628746987
VEV_5000,10,spread,0.0180969764628142,0.0011140140708625346
VEV_5000,10,mid_dev,0.007756709809718654,0.0011140140708625346
VEV_5000,10,I_top,0.006417853059381473,0.0011140140708625346
VEV_5000,10,ret_20,0.0036145147036599212,0.0011140140708625346
VEV_5000,10,ret_5,0.002696172985261406,0.0011140140708625346
VEV_5000,10,ret_1,0.000474559424804936,0.0011140140708625346
VEV_5000,10,netflow_Mark 38_W50,9.591628555509028e-05,0.0011140140708625346
VEV_5000,10,netflow_Mark 38_W20,0.0,0.0011140140708625346
VEV_5000,10,netflow_Mark 49_W5,0.0,0.0011140140708625346
VEV_5000,10,netflow_Mark 55_W5,0.0,0.0011140140708625346
VEV_5000,10,netflow_Mark 67_W5,0.0,0.0011140140708625346
VEV_5000,10,netflow_Mark 01_W20,0.0,0.0011140140708625346
VEV_5000,10,netflow_Mark 14_W20,0.0,0.0011140140708625346
VEV_5000,10,netflow_Mark 22_W20,0.0,0.0011140140708625346
VEV_5000,10,netflow_Mark 67_W20,0.0,0.0011140140708625346
VEV_5000,10,netflow_Mark 49_W20,0.0,0.0011140140708625346
VEV_5000,10,netflow_Mark 55_W20,0.0,0.0011140140708625346
VEV_5000,10,netflow_Mark 22_W5,0.0,0.0011140140708625346
VEV_5000,10,netflow_Mark 01_W50,0.0,0.0011140140708625346
VEV_5000,10,netflow_Mark 14_W50,0.0,0.0011140140708625346
VEV_5000,10,netflow_Mark 49_W50,0.0,0.0011140140708625346
VEV_5000,10,netflow_Mark 55_W50,0.0,0.0011140140708625346
VEV_5000,10,netflow_Mark 38_W5,0.0,0.0011140140708625346
VEV_5000,10,netflow_Mark 01_W5,0.0,0.0011140140708625346
VEV_5000,10,netflow_Mark 14_W5,0.0,0.0011140140708625346
VEV_5000,10,buy_Mark 38,0.0,0.0011140140708625346
VEV_5000,10,buy_Mark 01,0.0,0.0011140140708625346
VEV_5000,10,sell_Mark 01,0.0,0.0011140140708625346
VEV_5000,10,buy_Mark 14,0.0,0.0011140140708625346
VEV_5000,10,sell_Mark 14,0.0,0.0011140140708625346
VEV_5000,10,buy_Mark 22,0.0,0.0011140140708625346
VEV_5000,10,sell_Mark 67,0.0,0.0011140140708625346
VEV_5000,10,sell_Mark 22,0.0,0.0011140140708625346
VEV_5000,10,sell_Mark 38,0.0,0.0011140140708625346
VEV_5000,10,buy_Mark 49,0.0,0.0011140140708625346
VEV_5000,10,sell_Mark 49,0.0,0.0011140140708625346
VEV_5000,10,buy_Mark 55,0.0,0.0011140140708625346
VEV_5000,10,sell_Mark 55,0.0,0.0011140140708625346
VEV_5000,10,buy_Mark 67,0.0,0.0011140140708625346
VEV_5000,10,netflow_Mark 67_W50,0.0,0.0011140140708625346
VEV_5000,10,netflow_Mark 22_W50,-1.830270736769002e-05,0.0011140140708625346
VEV_5000,10,rvol_20,-0.002579284459221509,0.0011140140708625346
VEV_5000,25,spread,0.026520208324725125,-0.005068478276593513
VEV_5000,25,I_top,0.005491464007029749,-0.005068478276593513
VEV_5000,25,mid_dev,0.0036353971121976247,-0.005068478276593513
VEV_5000,25,ret_20,0.002347498823946914,-0.005068478276593513
VEV_5000,25,ret_5,0.0014921657551276724,-0.005068478276593513
VEV_5000,25,ret_1,9.746713029668008e-05,-0.005068478276593513
VEV_5000,25,netflow_Mark 22_W50,7.886843158925553e-06,-0.005068478276593513
VEV_5000,25,netflow_Mark 49_W20,0.0,-0.005068478276593513
VEV_5000,25,netflow_Mark 55_W5,0.0,-0.005068478276593513
VEV_5000,25,netflow_Mark 67_W5,0.0,-0.005068478276593513
VEV_5000,25,netflow_Mark 01_W20,0.0,-0.005068478276593513
VEV_5000,25,netflow_Mark 14_W20,0.0,-0.005068478276593513
VEV_5000,25,netflow_Mark 22_W20,0.0,-0.005068478276593513
VEV_5000,25,netflow_Mark 38_W20,0.0,-0.005068478276593513
VEV_5000,25,netflow_Mark 01_W50,0.0,-0.005068478276593513
VEV_5000,25,netflow_Mark 55_W20,0.0,-0.005068478276593513
VEV_5000,25,netflow_Mark 67_W20,0.0,-0.005068478276593513
VEV_5000,25,netflow_Mark 38_W5,0.0,-0.005068478276593513
VEV_5000,25,netflow_Mark 14_W50,0.0,-0.005068478276593513
VEV_5000,25,netflow_Mark 38_W50,0.0,-0.005068478276593513
VEV_5000,25,netflow_Mark 49_W50,0.0,-0.005068478276593513
VEV_5000,25,netflow_Mark 55_W50,0.0,-0.005068478276593513
VEV_5000,25,netflow_Mark 49_W5,0.0,-0.005068478276593513
VEV_5000,25,netflow_Mark 01_W5,0.0,-0.005068478276593513
VEV_5000,25,netflow_Mark 22_W5,0.0,-0.005068478276593513
VEV_5000,25,netflow_Mark 14_W5,0.0,-0.005068478276593513
VEV_5000,25,buy_Mark 01,0.0,-0.005068478276593513
VEV_5000,25,sell_Mark 01,0.0,-0.005068478276593513
VEV_5000,25,buy_Mark 14,0.0,-0.005068478276593513
VEV_5000,25,sell_Mark 14,0.0,-0.005068478276593513
VEV_5000,25,buy_Mark 22,0.0,-0.005068478276593513
VEV_5000,25,sell_Mark 22,0.0,-0.005068478276593513
VEV_5000,25,buy_Mark 38,0.0,-0.005068478276593513
VEV_5000,25,sell_Mark 38,0.0,-0.005068478276593513
VEV_5000,25,buy_Mark 49,0.0,-0.005068478276593513
VEV_5000,25,sell_Mark 49,0.0,-0.005068478276593513
VEV_5000,25,buy_Mark 55,0.0,-0.005068478276593513
VEV_5000,25,sell_Mark 55,0.0,-0.005068478276593513
VEV_5000,25,buy_Mark 67,0.0,-0.005068478276593513
VEV_5000,25,sell_Mark 67,0.0,-0.005068478276593513
VEV_5000,25,netflow_Mark 67_W50,0.0,-0.005068478276593513
VEV_5000,25,rvol_20,-0.003411882150044917,-0.005068478276593513
VEV_5000,50,spread,0.05194258403031079,-0.013949871148427162
VEV_5000,50,mid_dev,0.0070587542215576615,-0.013949871148427162
VEV_5000,50,netflow_Mark 22_W50,0.0012411856113586268,-0.013949871148427162
VEV_5000,50,ret_1,0.0008440308477791388,-0.013949871148427162
VEV_5000,50,netflow_Mark 22_W20,0.0,-0.013949871148427162
VEV_5000,50,netflow_Mark 22_W5,0.0,-0.013949871148427162
VEV_5000,50,netflow_Mark 38_W5,0.0,-0.013949871148427162
VEV_5000,50,netflow_Mark 49_W5,0.0,-0.013949871148427162
VEV_5000,50,netflow_Mark 55_W5,0.0,-0.013949871148427162
VEV_5000,50,netflow_Mark 67_W5,0.0,-0.013949871148427162
VEV_5000,50,netflow_Mark 01_W20,0.0,-0.013949871148427162
VEV_5000,50,netflow_Mark 14_W20,0.0,-0.013949871148427162
VEV_5000,50,netflow_Mark 49_W20,0.0,-0.013949871148427162
VEV_5000,50,netflow_Mark 38_W20,0.0,-0.013949871148427162
VEV_5000,50,netflow_Mark 55_W20,0.0,-0.013949871148427162
VEV_5000,50,netflow_Mark 67_W20,0.0,-0.013949871148427162
VEV_5000,50,netflow_Mark 01_W50,0.0,-0.013949871148427162
VEV_5000,50,netflow_Mark 14_W50,0.0,-0.013949871148427162
VEV_5000,50,netflow_Mark 49_W50,0.0,-0.013949871148427162
VEV_5000,50,netflow_Mark 55_W50,0.0,-0.013949871148427162
VEV_5000,50,netflow_Mark 14_W5,0.0,-0.013949871148427162
VEV_5000,50,netflow_Mark 01_W5,0.0,-0.013949871148427162
VEV_5000,50,sell_Mark 67,0.0,-0.013949871148427162
VEV_5000,50,sell_Mark 22,0.0,-0.013949871148427162
VEV_5000,50,buy_Mark 01,0.0,-0.013949871148427162
VEV_5000,50,sell_Mark 01,0.0,-0.013949871148427162
VEV_5000,50,buy_Mark 14,0.0,-0.013949871148427162
VEV_5000,50,buy_Mark 67,0.0,-0.013949871148427162
VEV_5000,50,buy_Mark 22,0.0,-0.013949871148427162
VEV_5000,50,sell_Mark 14,0.0,-0.013949871148427162
VEV_5000,50,buy_Mark 38,0.0,-0.013949871148427162
VEV_5000,50,sell_Mark 38,0.0,-0.013949871148427162
VEV_5000,50,buy_Mark 49,0.0,-0.013949871148427162
VEV_5000,50,sell_Mark 49,0.0,-0.013949871148427162
VEV_5000,50,buy_Mark 55,0.0,-0.013949871148427162
VEV_5000,50,sell_Mark 55,0.0,-0.013949871148427162
VEV_5000,50,netflow_Mark 67_W50,0.0,-0.013949871148427162
VEV_5000,50,I_top,-0.0007407581890106485,-0.013949871148427162
VEV_5000,50,netflow_Mark 38_W50,-0.0009395684696421972,-0.013949871148427162
VEV_5000,50,ret_5,-0.00218079509825427,-0.013949871148427162
VEV_5000,50,ret_20,-0.00413293960729207,-0.013949871148427162
VEV_5000,50,rvol_20,-0.00598246775914039,-0.013949871148427162
VEV_5100,5,I_top,0.020340866652875527,0.013661373167702995
VEV_5100,5,mid_dev,0.01558247612596401,0.013661373167702995
VEV_5100,5,spread,0.0031548234264603034,0.013661373167702995
VEV_5100,5,ret_20,0.001631346690598871,0.013661373167702995
VEV_5100,5,netflow_Mark 55_W50,0.0,0.013661373167702995
VEV_5100,5,netflow_Mark 38_W20,0.0,0.013661373167702995
VEV_5100,5,netflow_Mark 38_W5,0.0,0.013661373167702995
VEV_5100,5,netflow_Mark 49_W5,0.0,0.013661373167702995
VEV_5100,5,netflow_Mark 55_W5,0.0,0.013661373167702995
VEV_5100,5,netflow_Mark 67_W5,0.0,0.013661373167702995
VEV_5100,5,netflow_Mark 01_W20,0.0,0.013661373167702995
VEV_5100,5,netflow_Mark 14_W20,0.0,0.013661373167702995
VEV_5100,5,netflow_Mark 22_W20,0.0,0.013661373167702995
VEV_5100,5,netflow_Mark 49_W20,0.0,0.013661373167702995
VEV_5100,5,netflow_Mark 49_W50,0.0,0.013661373167702995
VEV_5100,5,netflow_Mark 22_W5,0.0,0.013661373167702995
VEV_5100,5,netflow_Mark 67_W20,0.0,0.013661373167702995
VEV_5100,5,netflow_Mark 01_W50,0.0,0.013661373167702995
VEV_5100,5,netflow_Mark 14_W50,0.0,0.013661373167702995
VEV_5100,5,netflow_Mark 22_W50,0.0,0.013661373167702995
VEV_5100,5,netflow_Mark 38_W50,0.0,0.013661373167702995
VEV_5100,5,netflow_Mark 55_W20,0.0,0.013661373167702995
VEV_5100,5,netflow_Mark 01_W5,0.0,0.013661373167702995
VEV_5100,5,netflow_Mark 14_W5,0.0,0.013661373167702995
VEV_5100,5,buy_Mark 38,0.0,0.013661373167702995
VEV_5100,5,buy_Mark 01,0.0,0.013661373167702995
VEV_5100,5,sell_Mark 01,0.0,0.013661373167702995
VEV_5100,5,buy_Mark 14,0.0,0.013661373167702995
VEV_5100,5,sell_Mark 14,0.0,0.013661373167702995
VEV_5100,5,buy_Mark 22,0.0,0.013661373167702995
VEV_5100,5,sell_Mark 67,0.0,0.013661373167702995
VEV_5100,5,sell_Mark 22,0.0,0.013661373167702995
VEV_5100,5,sell_Mark 38,0.0,0.013661373167702995
VEV_5100,5,buy_Mark 49,0.0,0.013661373167702995
VEV_5100,5,sell_Mark 49,0.0,0.013661373167702995
VEV_5100,5,buy_Mark 55,0.0,0.013661373167702995
VEV_5100,5,sell_Mark 55,0.0,0.013661373167702995
VEV_5100,5,buy_Mark 67,0.0,0.013661373167702995
VEV_5100,5,netflow_Mark 67_W50,0.0,0.013661373167702995
VEV_5100,5,rvol_20,-9.804782692827511e-05,0.013661373167702995
VEV_5100,5,ret_5,-0.00014501095735438194,0.013661373167702995
VEV_5100,5,ret_1,-0.0002654756237137068,0.013661373167702995
VEV_5100,10,mid_dev,0.009585223095840237,0.0017028118731935438
VEV_5100,10,spread,0.007408874375375111,0.0017028118731935438
VEV_5100,10,ret_20,0.007037841561636005,0.0017028118731935438
VEV_5100,10,I_top,0.005660141986049101,0.0017028118731935438
VEV_5100,10,rvol_20,0.002426608376805676,0.0017028118731935438
VEV_5100,10,ret_5,0.0007809039162965196,0.0017028118731935438
VEV_5100,10,ret_1,0.0003439781354954337,0.0017028118731935438
VEV_5100,10,netflow_Mark 22_W50,0.0001430909893889535,0.0017028118731935438
VEV_5100,10,netflow_Mark 49_W20,0.0,0.0017028118731935438
VEV_5100,10,netflow_Mark 55_W5,0.0,0.0017028118731935438
VEV_5100,10,netflow_Mark 67_W5,0.0,0.0017028118731935438
VEV_5100,10,netflow_Mark 01_W20,0.0,0.0017028118731935438
VEV_5100,10,netflow_Mark 14_W20,0.0,0.0017028118731935438
VEV_5100,10,netflow_Mark 22_W20,0.0,0.0017028118731935438
VEV_5100,10,netflow_Mark 38_W20,0.0,0.0017028118731935438
VEV_5100,10,netflow_Mark 01_W50,0.0,0.0017028118731935438
VEV_5100,10,netflow_Mark 55_W20,0.0,0.0017028118731935438
VEV_5100,10,netflow_Mark 67_W20,0.0,0.0017028118731935438
VEV_5100,10,netflow_Mark 38_W5,0.0,0.0017028118731935438
VEV_5100,10,netflow_Mark 14_W50,0.0,0.0017028118731935438
VEV_5100,10,netflow_Mark 38_W50,0.0,0.0017028118731935438
VEV_5100,10,netflow_Mark 49_W50,0.0,0.0017028118731935438
VEV_5100,10,netflow_Mark 55_W50,0.0,0.0017028118731935438
VEV_5100,10,netflow_Mark 49_W5,0.0,0.0017028118731935438
VEV_5100,10,netflow_Mark 01_W5,0.0,0.0017028118731935438
VEV_5100,10,netflow_Mark 22_W5,0.0,0.0017028118731935438
VEV_5100,10,buy_Mark 38,0.0,0.0017028118731935438
VEV_5100,10,buy_Mark 01,0.0,0.0017028118731935438
VEV_5100,10,sell_Mark 01,0.0,0.0017028118731935438
VEV_5100,10,buy_Mark 14,0.0,0.0017028118731935438
VEV_5100,10,sell_Mark 14,0.0,0.0017028118731935438
VEV_5100,10,buy_Mark 22,0.0,0.0017028118731935438
VEV_5100,10,sell_Mark 22,0.0,0.0017028118731935438
VEV_5100,10,sell_Mark 38,0.0,0.0017028118731935438
VEV_5100,10,netflow_Mark 14_W5,0.0,0.0017028118731935438
VEV_5100,10,buy_Mark 49,0.0,0.0017028118731935438
VEV_5100,10,sell_Mark 49,0.0,0.0017028118731935438
VEV_5100,10,buy_Mark 55,0.0,0.0017028118731935438
VEV_5100,10,sell_Mark 55,0.0,0.0017028118731935438
VEV_5100,10,buy_Mark 67,0.0,0.0017028118731935438
VEV_5100,10,sell_Mark 67,0.0,0.0017028118731935438
VEV_5100,10,netflow_Mark 67_W50,0.0,0.0017028118731935438
VEV_5100,25,spread,0.017486262757012705,-0.008816269388104425
VEV_5100,25,mid_dev,0.007718995154048243,-0.008816269388104425
VEV_5100,25,I_top,0.004815728801387993,-0.008816269388104425
VEV_5100,25,ret_20,0.0032791285512222177,-0.008816269388104425
VEV_5100,25,ret_5,0.0013416896077348046,-0.008816269388104425
VEV_5100,25,ret_1,0.001332516319751435,-0.008816269388104425
VEV_5100,25,netflow_Mark 49_W20,0.0,-0.008816269388104425
VEV_5100,25,netflow_Mark 55_W5,0.0,-0.008816269388104425
VEV_5100,25,netflow_Mark 67_W5,0.0,-0.008816269388104425
VEV_5100,25,netflow_Mark 01_W20,0.0,-0.008816269388104425
VEV_5100,25,netflow_Mark 14_W20,0.0,-0.008816269388104425
VEV_5100,25,netflow_Mark 22_W20,0.0,-0.008816269388104425
VEV_5100,25,netflow_Mark 38_W20,0.0,-0.008816269388104425
VEV_5100,25,netflow_Mark 01_W50,0.0,-0.008816269388104425
VEV_5100,25,netflow_Mark 55_W20,0.0,-0.008816269388104425
VEV_5100,25,netflow_Mark 67_W20,0.0,-0.008816269388104425
VEV_5100,25,netflow_Mark 38_W5,0.0,-0.008816269388104425
VEV_5100,25,netflow_Mark 14_W50,0.0,-0.008816269388104425
VEV_5100,25,netflow_Mark 22_W50,0.0,-0.008816269388104425
VEV_5100,25,netflow_Mark 38_W50,0.0,-0.008816269388104425
VEV_5100,25,netflow_Mark 49_W50,0.0,-0.008816269388104425
VEV_5100,25,netflow_Mark 55_W50,0.0,-0.008816269388104425
VEV_5100,25,netflow_Mark 49_W5,0.0,-0.008816269388104425
VEV_5100,25,netflow_Mark 01_W5,0.0,-0.008816269388104425
VEV_5100,25,netflow_Mark 22_W5,0.0,-0.008816269388104425
VEV_5100,25,netflow_Mark 14_W5,0.0,-0.008816269388104425
VEV_5100,25,buy_Mark 01,0.0,-0.008816269388104425
VEV_5100,25,sell_Mark 01,0.0,-0.008816269388104425
VEV_5100,25,buy_Mark 14,0.0,-0.008816269388104425
VEV_5100,25,sell_Mark 14,0.0,-0.008816269388104425
VEV_5100,25,buy_Mark 22,0.0,-0.008816269388104425
VEV_5100,25,sell_Mark 22,0.0,-0.008816269388104425
VEV_5100,25,buy_Mark 38,0.0,-0.008816269388104425
VEV_5100,25,sell_Mark 38,0.0,-0.008816269388104425
VEV_5100,25,buy_Mark 49,0.0,-0.008816269388104425
VEV_5100,25,sell_Mark 49,0.0,-0.008816269388104425
VEV_5100,25,buy_Mark 55,0.0,-0.008816269388104425
VEV_5100,25,sell_Mark 55,0.0,-0.008816269388104425
VEV_5100,25,buy_Mark 67,0.0,-0.008816269388104425
VEV_5100,25,sell_Mark 67,0.0,-0.008816269388104425
VEV_5100,25,netflow_Mark 67_W50,0.0,-0.008816269388104425
VEV_5100,25,rvol_20,-0.002538392240778823,-0.008816269388104425
VEV_5100,50,spread,0.02283406978143591,-0.019429368235489575
VEV_5100,50,ret_20,0.004629000119016717,-0.019429368235489575
VEV_5100,50,I_top,0.00233549281648604,-0.019429368235489575
VEV_5100,50,netflow_Mark 22_W50,0.0006860331636341735,-0.019429368235489575
VEV_5100,50,ret_1,5.034395618741527e-05,-0.019429368235489575
VEV_5100,50,netflow_Mark 49_W20,0.0,-0.019429368235489575
VEV_5100,50,netflow_Mark 49_W5,0.0,-0.019429368235489575
VEV_5100,50,netflow_Mark 55_W5,0.0,-0.019429368235489575
VEV_5100,50,netflow_Mark 67_W5,0.0,-0.019429368235489575
VEV_5100,50,netflow_Mark 01_W20,0.0,-0.019429368235489575
VEV_5100,50,netflow_Mark 14_W20,0.0,-0.019429368235489575
VEV_5100,50,netflow_Mark 22_W20,0.0,-0.019429368235489575
VEV_5100,50,netflow_Mark 38_W20,0.0,-0.019429368235489575
VEV_5100,50,netflow_Mark 67_W20,0.0,-0.019429368235489575
VEV_5100,50,netflow_Mark 55_W20,0.0,-0.019429368235489575
VEV_5100,50,netflow_Mark 22_W5,0.0,-0.019429368235489575
VEV_5100,50,netflow_Mark 01_W50,0.0,-0.019429368235489575
VEV_5100,50,netflow_Mark 14_W50,0.0,-0.019429368235489575
VEV_5100,50,netflow_Mark 38_W50,0.0,-0.019429368235489575
VEV_5100,50,netflow_Mark 49_W50,0.0,-0.019429368235489575
VEV_5100,50,netflow_Mark 55_W50,0.0,-0.019429368235489575
VEV_5100,50,netflow_Mark 38_W5,0.0,-0.019429368235489575
VEV_5100,50,netflow_Mark 01_W5,0.0,-0.019429368235489575
VEV_5100,50,netflow_Mark 14_W5,0.0,-0.019429368235489575
VEV_5100,50,sell_Mark 38,0.0,-0.019429368235489575
VEV_5100,50,buy_Mark 01,0.0,-0.019429368235489575
VEV_5100,50,sell_Mark 01,0.0,-0.019429368235489575
VEV_5100,50,buy_Mark 14,0.0,-0.019429368235489575
VEV_5100,50,sell_Mark 14,0.0,-0.019429368235489575
VEV_5100,50,buy_Mark 22,0.0,-0.019429368235489575
VEV_5100,50,sell_Mark 22,0.0,-0.019429368235489575
VEV_5100,50,buy_Mark 38,0.0,-0.019429368235489575
VEV_5100,50,buy_Mark 49,0.0,-0.019429368235489575
VEV_5100,50,sell_Mark 49,0.0,-0.019429368235489575
VEV_5100,50,buy_Mark 55,0.0,-0.019429368235489575
VEV_5100,50,sell_Mark 55,0.0,-0.019429368235489575
VEV_5100,50,buy_Mark 67,0.0,-0.019429368235489575
VEV_5100,50,sell_Mark 67,0.0,-0.019429368235489575
VEV_5100,50,netflow_Mark 67_W50,0.0,-0.019429368235489575
VEV_5100,50,ret_5,-0.0009919967296528516,-0.019429368235489575
VEV_5100,50,mid_dev,-0.0011804981752639627,-0.019429368235489575
VEV_5100,50,rvol_20,-0.007207078666701783,-0.019429368235489575
VEV_5200,5,mid_dev,0.021023372599131413,-0.0080391420072492
VEV_5200,5,ret_5,0.003847826676675862,-0.0080391420072492
VEV_5200,5,netflow_Mark 22_W5,0.002555636417481096,-0.0080391420072492
VEV_5200,5,ret_1,0.002395692706387583,-0.0080391420072492
VEV_5200,5,netflow_Mark 14_W20,0.0015695957573620412,-0.0080391420072492
VEV_5200,5,I_top,0.0014447423451938353,-0.0080391420072492
VEV_5200,5,spread,0.0008787193176070426,-0.0080391420072492
VEV_5200,5,netflow_Mark 14_W5,0.00010699469497277292,-0.0080391420072492
VEV_5200,5,netflow_Mark 67_W20,0.0,-0.0080391420072492
VEV_5200,5,netflow_Mark 55_W20,0.0,-0.0080391420072492
VEV_5200,5,netflow_Mark 01_W50,0.0,-0.0080391420072492
VEV_5200,5,netflow_Mark 38_W20,0.0,-0.0080391420072492
VEV_5200,5,netflow_Mark 49_W50,0.0,-0.0080391420072492
VEV_5200,5,netflow_Mark 01_W20,0.0,-0.0080391420072492
VEV_5200,5,netflow_Mark 67_W5,0.0,-0.0080391420072492
VEV_5200,5,netflow_Mark 55_W5,0.0,-0.0080391420072492
VEV_5200,5,netflow_Mark 49_W5,0.0,-0.0080391420072492
VEV_5200,5,netflow_Mark 38_W5,0.0,-0.0080391420072492
VEV_5200,5,netflow_Mark 55_W50,0.0,-0.0080391420072492
VEV_5200,5,netflow_Mark 49_W20,0.0,-0.0080391420072492
VEV_5200,5,netflow_Mark 01_W5,0.0,-0.0080391420072492
VEV_5200,5,sell_Mark 67,0.0,-0.0080391420072492
VEV_5200,5,sell_Mark 22,0.0,-0.0080391420072492
VEV_5200,5,buy_Mark 01,0.0,-0.0080391420072492
VEV_5200,5,sell_Mark 01,0.0,-0.0080391420072492
VEV_5200,5,buy_Mark 14,0.0,-0.0080391420072492
VEV_5200,5,sell_Mark 14,0.0,-0.0080391420072492
VEV_5200,5,buy_Mark 67,0.0,-0.0080391420072492
VEV_5200,5,buy_Mark 22,0.0,-0.0080391420072492
VEV_5200,5,buy_Mark 38,0.0,-0.0080391420072492
VEV_5200,5,sell_Mark 38,0.0,-0.0080391420072492
VEV_5200,5,buy_Mark 49,0.0,-0.0080391420072492
VEV_5200,5,sell_Mark 49,0.0,-0.0080391420072492
VEV_5200,5,buy_Mark 55,0.0,-0.0080391420072492
VEV_5200,5,sell_Mark 55,0.0,-0.0080391420072492
VEV_5200,5,netflow_Mark 67_W50,0.0,-0.0080391420072492
VEV_5200,5,netflow_Mark 22_W20,-1.804670838197649e-05,-0.0080391420072492
VEV_5200,5,netflow_Mark 38_W50,-0.00030745880302555467,-0.0080391420072492
VEV_5200,5,netflow_Mark 14_W50,-0.0006299944007943648,-0.0080391420072492
VEV_5200,5,ret_20,-0.0009724718954398822,-0.0080391420072492
VEV_5200,5,netflow_Mark 22_W50,-0.0026613290970001944,-0.0080391420072492
VEV_5200,5,rvol_20,-0.003893417071649733,-0.0080391420072492
VEV_5200,10,mid_dev,0.011789675964394878,-0.02058448391674883
VEV_5200,10,ret_1,0.0026378380589779185,-0.02058448391674883
VEV_5200,10,spread,0.001427271408048103,-0.02058448391674883
VEV_5200,10,netflow_Mark 22_W5,0.00013073696084905015,-0.02058448391674883
VEV_5200,10,netflow_Mark 22_W20,3.7511694479297475e-05,-0.02058448391674883
VEV_5200,10,netflow_Mark 55_W50,0.0,-0.02058448391674883
VEV_5200,10,netflow_Mark 49_W50,0.0,-0.02058448391674883
VEV_5200,10,netflow_Mark 38_W50,0.0,-0.02058448391674883
VEV_5200,10,netflow_Mark 01_W50,0.0,-0.02058448391674883
VEV_5200,10,netflow_Mark 67_W20,0.0,-0.02058448391674883
VEV_5200,10,netflow_Mark 55_W20,0.0,-0.02058448391674883
VEV_5200,10,sell_Mark 67,0.0,-0.02058448391674883
VEV_5200,10,netflow_Mark 38_W20,0.0,-0.02058448391674883
VEV_5200,10,netflow_Mark 01_W20,0.0,-0.02058448391674883
VEV_5200,10,netflow_Mark 67_W5,0.0,-0.02058448391674883
VEV_5200,10,netflow_Mark 55_W5,0.0,-0.02058448391674883
VEV_5200,10,netflow_Mark 49_W5,0.0,-0.02058448391674883
VEV_5200,10,netflow_Mark 38_W5,0.0,-0.02058448391674883
VEV_5200,10,netflow_Mark 49_W20,0.0,-0.02058448391674883
VEV_5200,10,netflow_Mark 01_W5,0.0,-0.02058448391674883
VEV_5200,10,buy_Mark 67,0.0,-0.02058448391674883
VEV_5200,10,sell_Mark 22,0.0,-0.02058448391674883
VEV_5200,10,buy_Mark 01,0.0,-0.02058448391674883
VEV_5200,10,sell_Mark 01,0.0,-0.02058448391674883
VEV_5200,10,buy_Mark 14,0.0,-0.02058448391674883
VEV_5200,10,sell_Mark 55,0.0,-0.02058448391674883
VEV_5200,10,buy_Mark 22,0.0,-0.02058448391674883
VEV_5200,10,sell_Mark 14,0.0,-0.02058448391674883
VEV_5200,10,buy_Mark 38,0.0,-0.02058448391674883
VEV_5200,10,sell_Mark 38,0.0,-0.02058448391674883
VEV_5200,10,buy_Mark 49,0.0,-0.02058448391674883
VEV_5200,10,sell_Mark 49,0.0,-0.02058448391674883
VEV_5200,10,buy_Mark 55,0.0,-0.02058448391674883
VEV_5200,10,netflow_Mark 67_W50,0.0,-0.02058448391674883
VEV_5200,10,netflow_Mark 14_W5,-1.4465581413677006e-05,-0.02058448391674883
VEV_5200,10,netflow_Mark 14_W20,-9.090286875286975e-05,-0.02058448391674883
VEV_5200,10,ret_5,-0.0003780029619158132,-0.02058448391674883
VEV_5200,10,netflow_Mark 14_W50,-0.0007828096775207202,-0.02058448391674883
VEV_5200,10,I_top,-0.0019502494675975128,-0.02058448391674883
VEV_5200,10,ret_20,-0.0021473927980411775,-0.02058448391674883
VEV_5200,10,rvol_20,-0.0026662020158245703,-0.02058448391674883
VEV_5200,10,netflow_Mark 22_W50,-0.0030752155300948956,-0.02058448391674883
VEV_5200,25,rvol_20,0.010468453867836717,-0.03734181700221395
VEV_5200,25,mid_dev,0.00718745937821752,-0.03734181700221395
VEV_5200,25,ret_20,0.0030294220819409023,-0.03734181700221395
VEV_5200,25,ret_5,0.002117377816856836,-0.03734181700221395
VEV_5200,25,spread,0.0019237480713326278,-0.03734181700221395
VEV_5200,25,netflow_Mark 14_W5,0.0006469741611924521,-0.03734181700221395
VEV_5200,25,netflow_Mark 14_W50,0.0005343268267760474,-0.03734181700221395
VEV_5200,25,ret_1,0.000362686956274653,-0.03734181700221395
VEV_5200,25,netflow_Mark 38_W50,0.00017792029665038753,-0.03734181700221395
VEV_5200,25,netflow_Mark 22_W5,0.0001266744180439261,-0.03734181700221395
VEV_5200,25,netflow_Mark 22_W20,1.531675746317222e-05,-0.03734181700221395
VEV_5200,25,netflow_Mark 67_W5,0.0,-0.03734181700221395
VEV_5200,25,netflow_Mark 55_W50,0.0,-0.03734181700221395
VEV_5200,25,netflow_Mark 38_W5,0.0,-0.03734181700221395
VEV_5200,25,netflow_Mark 49_W5,0.0,-0.03734181700221395
VEV_5200,25,netflow_Mark 55_W5,0.0,-0.03734181700221395
VEV_5200,25,netflow_Mark 38_W20,0.0,-0.03734181700221395
VEV_5200,25,netflow_Mark 01_W20,0.0,-0.03734181700221395
VEV_5200,25,netflow_Mark 49_W50,0.0,-0.03734181700221395
VEV_5200,25,netflow_Mark 49_W20,0.0,-0.03734181700221395
VEV_5200,25,netflow_Mark 55_W20,0.0,-0.03734181700221395
VEV_5200,25,netflow_Mark 01_W50,0.0,-0.03734181700221395
VEV_5200,25,netflow_Mark 67_W20,0.0,-0.03734181700221395
VEV_5200,25,netflow_Mark 01_W5,0.0,-0.03734181700221395
VEV_5200,25,sell_Mark 67,0.0,-0.03734181700221395
VEV_5200,25,buy_Mark 38,0.0,-0.03734181700221395
VEV_5200,25,buy_Mark 01,0.0,-0.03734181700221395
VEV_5200,25,sell_Mark 01,0.0,-0.03734181700221395
VEV_5200,25,buy_Mark 14,0.0,-0.03734181700221395
VEV_5200,25,sell_Mark 14,0.0,-0.03734181700221395
VEV_5200,25,buy_Mark 22,0.0,-0.03734181700221395
VEV_5200,25,buy_Mark 67,0.0,-0.03734181700221395
VEV_5200,25,sell_Mark 22,0.0,-0.03734181700221395
VEV_5200,25,sell_Mark 38,0.0,-0.03734181700221395
VEV_5200,25,buy_Mark 49,0.0,-0.03734181700221395
VEV_5200,25,sell_Mark 49,0.0,-0.03734181700221395
VEV_5200,25,buy_Mark 55,0.0,-0.03734181700221395
VEV_5200,25,sell_Mark 55,0.0,-0.03734181700221395
VEV_5200,25,netflow_Mark 67_W50,0.0,-0.03734181700221395
VEV_5200,25,I_top,-0.0002886108760107309,-0.03734181700221395
VEV_5200,25,netflow_Mark 14_W20,-0.0031696262102013004,-0.03734181700221395
VEV_5200,25,netflow_Mark 22_W50,-0.0038068540820554255,-0.03734181700221395
VEV_5200,50,spread,0.012765689104123235,-0.05880724389453085
VEV_5200,50,rvol_20,0.008856734878352146,-0.05880724389453085
VEV_5200,50,mid_dev,0.006244724728566113,-0.05880724389453085
VEV_5200,50,netflow_Mark 38_W50,0.0022732475465533732,-0.05880724389453085
VEV_5200,50,ret_1,0.00019779599907769155,-0.05880724389453085
VEV_5200,50,netflow_Mark 49_W50,0.0,-0.05880724389453085
VEV_5200,50,netflow_Mark 55_W50,0.0,-0.05880724389453085
VEV_5200,50,netflow_Mark 01_W50,0.0,-0.05880724389453085
VEV_5200,50,netflow_Mark 67_W20,0.0,-0.05880724389453085
VEV_5200,50,sell_Mark 67,0.0,-0.05880724389453085
VEV_5200,50,netflow_Mark 49_W20,0.0,-0.05880724389453085
VEV_5200,50,netflow_Mark 38_W20,0.0,-0.05880724389453085
VEV_5200,50,netflow_Mark 01_W20,0.0,-0.05880724389453085
VEV_5200,50,netflow_Mark 67_W5,0.0,-0.05880724389453085
VEV_5200,50,netflow_Mark 55_W5,0.0,-0.05880724389453085
VEV_5200,50,netflow_Mark 49_W5,0.0,-0.05880724389453085
VEV_5200,50,netflow_Mark 38_W5,0.0,-0.05880724389453085
VEV_5200,50,netflow_Mark 14_W5,0.0,-0.05880724389453085
VEV_5200,50,netflow_Mark 55_W20,0.0,-0.05880724389453085
VEV_5200,50,netflow_Mark 01_W5,0.0,-0.05880724389453085
VEV_5200,50,buy_Mark 67,0.0,-0.05880724389453085
VEV_5200,50,sell_Mark 22,0.0,-0.05880724389453085
VEV_5200,50,buy_Mark 01,0.0,-0.05880724389453085
VEV_5200,50,sell_Mark 01,0.0,-0.05880724389453085
VEV_5200,50,buy_Mark 14,0.0,-0.05880724389453085
VEV_5200,50,sell_Mark 14,0.0,-0.05880724389453085
VEV_5200,50,sell_Mark 55,0.0,-0.05880724389453085
VEV_5200,50,buy_Mark 22,0.0,-0.05880724389453085
VEV_5200,50,buy_Mark 38,0.0,-0.05880724389453085
VEV_5200,50,sell_Mark 38,0.0,-0.05880724389453085
VEV_5200,50,buy_Mark 49,0.0,-0.05880724389453085
VEV_5200,50,sell_Mark 49,0.0,-0.05880724389453085
VEV_5200,50,buy_Mark 55,0.0,-0.05880724389453085
VEV_5200,50,netflow_Mark 67_W50,0.0,-0.05880724389453085
VEV_5200,50,netflow_Mark 22_W20,-0.0003276588930741416,-0.05880724389453085
VEV_5200,50,netflow_Mark 22_W5,-0.0005882662419106252,-0.05880724389453085
VEV_5200,50,ret_5,-0.000625224379893948,-0.05880724389453085
VEV_5200,50,ret_20,-0.0012561672897302885,-0.05880724389453085
VEV_5200,50,I_top,-0.00194276916298682,-0.05880724389453085
VEV_5200,50,netflow_Mark 14_W20,-0.004248831888850353,-0.05880724389453085
VEV_5200,50,netflow_Mark 14_W50,-0.00464460237539351,-0.05880724389453085
VEV_5200,50,netflow_Mark 22_W50,-0.006567256644635755,-0.05880724389453085
VEV_5300,5,ret_1,0.012049698806019546,0.0035026625216491025
VEV_5300,5,rvol_20,0.007367592775348412,0.0035026625216491025
VEV_5300,5,I_top,0.006834171508884435,0.0035026625216491025
VEV_5300,5,mid_dev,0.006099221573470833,0.0035026625216491025
VEV_5300,5,ret_20,0.005440386665861589,0.0035026625216491025
VEV_5300,5,netflow_Mark 01_W20,0.0014185470928495352,0.0035026625216491025
VEV_5300,5,spread,0.0007805110042846675,0.0035026625216491025
VEV_5300,5,netflow_Mark 01_W5,0.0007649629650863984,0.0035026625216491025
VEV_5300,5,netflow_Mark 22_W20,0.0006431106692962688,0.0035026625216491025
VEV_5300,5,netflow_Mark 22_W5,0.00019374775545448011,0.0035026625216491025
VEV_5300,5,ret_5,0.0001799274581262278,0.0035026625216491025
VEV_5300,5,netflow_Mark 14_W50,0.00011048821934604251,0.0035026625216491025
VEV_5300,5,sell_Mark 01,0.0,0.0035026625216491025
VEV_5300,5,netflow_Mark 38_W5,0.0,0.0035026625216491025
VEV_5300,5,netflow_Mark 55_W50,0.0,0.0035026625216491025
VEV_5300,5,netflow_Mark 49_W50,0.0,0.0035026625216491025
VEV_5300,5,netflow_Mark 38_W50,0.0,0.0035026625216491025
VEV_5300,5,netflow_Mark 67_W20,0.0,0.0035026625216491025
VEV_5300,5,netflow_Mark 55_W20,0.0,0.0035026625216491025
VEV_5300,5,netflow_Mark 49_W20,0.0,0.0035026625216491025
VEV_5300,5,netflow_Mark 38_W20,0.0,0.0035026625216491025
VEV_5300,5,netflow_Mark 67_W5,0.0,0.0035026625216491025
VEV_5300,5,netflow_Mark 55_W5,0.0,0.0035026625216491025
VEV_5300,5,buy_Mark 14,0.0,0.0035026625216491025
VEV_5300,5,netflow_Mark 49_W5,0.0,0.0035026625216491025
VEV_5300,5,buy_Mark 49,0.0,0.0035026625216491025
VEV_5300,5,buy_Mark 01,0.0,0.0035026625216491025
VEV_5300,5,sell_Mark 14,0.0,0.0035026625216491025
VEV_5300,5,buy_Mark 22,0.0,0.0035026625216491025
VEV_5300,5,sell_Mark 22,0.0,0.0035026625216491025
VEV_5300,5,buy_Mark 38,0.0,0.0035026625216491025
VEV_5300,5,sell_Mark 38,0.0,0.0035026625216491025
VEV_5300,5,netflow_Mark 67_W50,0.0,0.0035026625216491025
VEV_5300,5,sell_Mark 49,0.0,0.0035026625216491025
VEV_5300,5,buy_Mark 55,0.0,0.0035026625216491025
VEV_5300,5,sell_Mark 55,0.0,0.0035026625216491025
VEV_5300,5,buy_Mark 67,0.0,0.0035026625216491025
VEV_5300,5,sell_Mark 67,0.0,0.0035026625216491025
VEV_5300,5,netflow_Mark 14_W5,-0.0001970913609101732,0.0035026625216491025
VEV_5300,5,netflow_Mark 14_W20,-0.0009907784560366413,0.0035026625216491025
VEV_5300,5,netflow_Mark 01_W50,-0.002271787214744858,0.0035026625216491025
VEV_5300,5,netflow_Mark 22_W50,-0.0026471344977066678,0.0035026625216491025
VEV_5300,10,netflow_Mark 22_W20,0.00963697809943409,-0.02304548371756976
VEV_5300,10,rvol_20,0.007481390072049621,-0.02304548371756976
VEV_5300,10,I_top,0.0054796788164212335,-0.02304548371756976
VEV_5300,10,netflow_Mark 01_W20,0.004483328171767702,-0.02304548371756976
VEV_5300,10,ret_1,0.0038162066505426453,-0.02304548371756976
VEV_5300,10,ret_20,0.0032390230829788536,-0.02304548371756976
VEV_5300,10,mid_dev,0.0023924747416651146,-0.02304548371756976
VEV_5300,10,netflow_Mark 01_W50,0.0007165160484352562,-0.02304548371756976
VEV_5300,10,netflow_Mark 22_W5,0.0006950584050437284,-0.02304548371756976
VEV_5300,10,netflow_Mark 01_W5,0.0005002527214449751,-0.02304548371756976
VEV_5300,10,spread,0.0004156998993904981,-0.02304548371756976
VEV_5300,10,ret_5,0.00011302799201155327,-0.02304548371756976
VEV_5300,10,buy_Mark 01,8.656312825650048e-06,-0.02304548371756976
VEV_5300,10,buy_Mark 22,0.0,-0.02304548371756976
VEV_5300,10,netflow_Mark 49_W5,0.0,-0.02304548371756976
VEV_5300,10,netflow_Mark 55_W50,0.0,-0.02304548371756976
VEV_5300,10,netflow_Mark 49_W50,0.0,-0.02304548371756976
VEV_5300,10,netflow_Mark 38_W50,0.0,-0.02304548371756976
VEV_5300,10,netflow_Mark 67_W20,0.0,-0.02304548371756976
VEV_5300,10,netflow_Mark 55_W20,0.0,-0.02304548371756976
VEV_5300,10,netflow_Mark 49_W20,0.0,-0.02304548371756976
VEV_5300,10,netflow_Mark 38_W20,0.0,-0.02304548371756976
VEV_5300,10,sell_Mark 01,0.0,-0.02304548371756976
VEV_5300,10,netflow_Mark 67_W5,0.0,-0.02304548371756976
VEV_5300,10,netflow_Mark 55_W5,0.0,-0.02304548371756976
VEV_5300,10,netflow_Mark 38_W5,0.0,-0.02304548371756976
VEV_5300,10,buy_Mark 67,0.0,-0.02304548371756976
VEV_5300,10,buy_Mark 38,0.0,-0.02304548371756976
VEV_5300,10,sell_Mark 38,0.0,-0.02304548371756976
VEV_5300,10,buy_Mark 49,0.0,-0.02304548371756976
VEV_5300,10,sell_Mark 49,0.0,-0.02304548371756976
VEV_5300,10,buy_Mark 55,0.0,-0.02304548371756976
VEV_5300,10,sell_Mark 55,0.0,-0.02304548371756976
VEV_5300,10,sell_Mark 67,0.0,-0.02304548371756976
VEV_5300,10,sell_Mark 14,0.0,-0.02304548371756976
VEV_5300,10,buy_Mark 14,0.0,-0.02304548371756976
VEV_5300,10,netflow_Mark 67_W50,0.0,-0.02304548371756976
VEV_5300,10,sell_Mark 22,-0.00010085707011486811,-0.02304548371756976
VEV_5300,10,netflow_Mark 14_W50,-0.00022010031307003372,-0.02304548371756976
VEV_5300,10,netflow_Mark 14_W5,-0.00036224199982496746,-0.02304548371756976
VEV_5300,10,netflow_Mark 14_W20,-0.000502969044738751,-0.02304548371756976
VEV_5300,10,netflow_Mark 22_W50,-0.001369120682534808,-0.02304548371756976
VEV_5300,25,rvol_20,0.01684587209161152,-0.0662750240899661
VEV_5300,25,mid_dev,0.0058294413911945675,-0.0662750240899661
VEV_5300,25,spread,0.005467391781793118,-0.0662750240899661
VEV_5300,25,netflow_Mark 22_W20,0.0021864896737295116,-0.0662750240899661
VEV_5300,25,I_top,0.00140128891710171,-0.0662750240899661
VEV_5300,25,ret_20,0.0013444942015921797,-0.0662750240899661
VEV_5300,25,netflow_Mark 01_W5,0.0010871005096650954,-0.0662750240899661
VEV_5300,25,netflow_Mark 01_W20,0.0007825490309324815,-0.0662750240899661
VEV_5300,25,netflow_Mark 22_W5,1.6440995319684976e-05,-0.0662750240899661
VEV_5300,25,netflow_Mark 38_W5,0.0,-0.0662750240899661
VEV_5300,25,netflow_Mark 55_W50,0.0,-0.0662750240899661
VEV_5300,25,netflow_Mark 49_W50,0.0,-0.0662750240899661
VEV_5300,25,netflow_Mark 38_W50,0.0,-0.0662750240899661
VEV_5300,25,netflow_Mark 67_W20,0.0,-0.0662750240899661
VEV_5300,25,netflow_Mark 55_W20,0.0,-0.0662750240899661
VEV_5300,25,netflow_Mark 49_W20,0.0,-0.0662750240899661
VEV_5300,25,netflow_Mark 38_W20,0.0,-0.0662750240899661
VEV_5300,25,netflow_Mark 67_W5,0.0,-0.0662750240899661
VEV_5300,25,netflow_Mark 55_W5,0.0,-0.0662750240899661
VEV_5300,25,netflow_Mark 49_W5,0.0,-0.0662750240899661
VEV_5300,25,sell_Mark 01,0.0,-0.0662750240899661
VEV_5300,25,netflow_Mark 67_W50,0.0,-0.0662750240899661
VEV_5300,25,sell_Mark 38,0.0,-0.0662750240899661
VEV_5300,25,buy_Mark 38,0.0,-0.0662750240899661
VEV_5300,25,sell_Mark 67,0.0,-0.0662750240899661
VEV_5300,25,buy_Mark 67,0.0,-0.0662750240899661
VEV_5300,25,sell_Mark 55,0.0,-0.0662750240899661
VEV_5300,25,buy_Mark 55,0.0,-0.0662750240899661
VEV_5300,25,sell_Mark 49,0.0,-0.0662750240899661
VEV_5300,25,buy_Mark 14,0.0,-0.0662750240899661
VEV_5300,25,sell_Mark 14,0.0,-0.0662750240899661
VEV_5300,25,buy_Mark 49,0.0,-0.0662750240899661
VEV_5300,25,buy_Mark 22,0.0,-0.0662750240899661
VEV_5300,25,buy_Mark 01,-7.768878970382254e-05,-0.0662750240899661
VEV_5300,25,sell_Mark 22,-0.0004683108638311821,-0.0662750240899661
VEV_5300,25,netflow_Mark 14_W5,-0.0007285969914397524,-0.0662750240899661
VEV_5300,25,netflow_Mark 14_W20,-0.0007408860358705619,-0.0662750240899661
VEV_5300,25,ret_5,-0.0009375766963136319,-0.0662750240899661
VEV_5300,25,ret_1,-0.0014911051129766761,-0.0662750240899661
VEV_5300,25,netflow_Mark 14_W50,-0.003985696985479681,-0.0662750240899661
VEV_5300,25,netflow_Mark 22_W50,-0.004128072095325471,-0.0662750240899661
VEV_5300,25,netflow_Mark 01_W50,-0.01228611827288765,-0.0662750240899661
VEV_5300,50,rvol_20,0.02202547133508337,-0.07026770104501545
VEV_5300,50,spread,0.01412796137618851,-0.07026770104501545
VEV_5300,50,mid_dev,0.008165105617158627,-0.07026770104501545
VEV_5300,50,netflow_Mark 22_W50,0.00517343734260504,-0.07026770104501545
VEV_5300,50,netflow_Mark 14_W20,0.0007947724293825656,-0.07026770104501545
VEV_5300,50,netflow_Mark 01_W5,0.0003830326933259946,-0.07026770104501545
VEV_5300,50,netflow_Mark 22_W5,3.470074292636719e-05,-0.07026770104501545
VEV_5300,50,netflow_Mark 14_W5,4.44559228777545e-06,-0.07026770104501545
VEV_5300,50,netflow_Mark 38_W5,0.0,-0.07026770104501545
VEV_5300,50,sell_Mark 67,0.0,-0.07026770104501545
VEV_5300,50,netflow_Mark 55_W50,0.0,-0.07026770104501545
VEV_5300,50,netflow_Mark 49_W50,0.0,-0.07026770104501545
VEV_5300,50,netflow_Mark 38_W50,0.0,-0.07026770104501545
VEV_5300,50,netflow_Mark 67_W20,0.0,-0.07026770104501545
VEV_5300,50,netflow_Mark 55_W20,0.0,-0.07026770104501545
VEV_5300,50,netflow_Mark 49_W20,0.0,-0.07026770104501545
VEV_5300,50,netflow_Mark 38_W20,0.0,-0.07026770104501545
VEV_5300,50,netflow_Mark 67_W5,0.0,-0.07026770104501545
VEV_5300,50,netflow_Mark 55_W5,0.0,-0.07026770104501545
VEV_5300,50,netflow_Mark 49_W5,0.0,-0.07026770104501545
VEV_5300,50,netflow_Mark 67_W50,0.0,-0.07026770104501545
VEV_5300,50,sell_Mark 38,0.0,-0.07026770104501545
VEV_5300,50,sell_Mark 55,0.0,-0.07026770104501545
VEV_5300,50,buy_Mark 55,0.0,-0.07026770104501545
VEV_5300,50,sell_Mark 49,0.0,-0.07026770104501545
VEV_5300,50,buy_Mark 49,0.0,-0.07026770104501545
VEV_5300,50,sell_Mark 01,0.0,-0.07026770104501545
VEV_5300,50,buy_Mark 14,0.0,-0.07026770104501545
VEV_5300,50,sell_Mark 14,0.0,-0.07026770104501545
VEV_5300,50,buy_Mark 67,0.0,-0.07026770104501545
VEV_5300,50,buy_Mark 38,0.0,-0.07026770104501545
VEV_5300,50,buy_Mark 22,0.0,-0.07026770104501545
VEV_5300,50,sell_Mark 22,-0.00017494105455151399,-0.07026770104501545
VEV_5300,50,buy_Mark 01,-0.00018778078731473968,-0.07026770104501545
VEV_5300,50,netflow_Mark 14_W50,-0.0011640813373018737,-0.07026770104501545
VEV_5300,50,ret_5,-0.0020947055221938924,-0.07026770104501545
VEV_5300,50,ret_1,-0.002273224708792062,-0.07026770104501545
VEV_5300,50,netflow_Mark 01_W20,-0.0023235640122165613,-0.07026770104501545
VEV_5300,50,ret_20,-0.0023266707372669635,-0.07026770104501545
VEV_5300,50,netflow_Mark 22_W20,-0.003160189742440034,-0.07026770104501545
VEV_5300,50,I_top,-0.0058975256908940414,-0.07026770104501545
VEV_5300,50,netflow_Mark 01_W50,-0.032018114494623884,-0.07026770104501545
